TIMESTAMP,TRACK_ID,OBJECT_TYPE,X,Y,CITY_NAME,latitude,longitude,Location
315967234.33424485,00000000-0000-0000-0000-000000000000,AV,3896.6355660054633,2292.882985649665,PIT,40.46203106403092,-79.96668766596322,Pittsburgh
315967234.33424485,00000000-0000-0000-0000-000000003196,OTHERS,3891.963439866935,2288.449784025806,PIT,40.46199162404444,-79.96674337666668,Pittsburgh
315967234.33424485,00000000-0000-0000-0000-000000003216,OTHERS,3887.4631680776233,2284.5956752080065,PIT,40.4619573821572,-79.96679698068708,Pittsburgh
315967234.33424485,00000000-0000-0000-0000-000000005085,OTHERS,3885.2020084708665,2270.909361195827,PIT,40.46183433949778,-79.9668255356535,Pittsburgh
315967234.33424485,00000000-0000-0000-0000-000000005360,OTHERS,3921.190197817223,2289.4962943661826,PIT,40.46199796881717,-79.96639855865449,Pittsburgh
315967234.33424485,00000000-0000-0000-0000-000000005373,OTHERS,3919.7027246481935,2291.942536246629,PIT,40.462020160485814,-79.96641576278981,Pittsburgh
315967234.33424485,00000000-0000-0000-0000-000000005460,OTHERS,3882.3234192035375,2239.2783774280447,PIT,40.46154972325044,-79.96686384842874,Pittsburgh
315967234.33424485,00000000-0000-0000-0000-000000005509,OTHERS,3877.492660916829,2249.944086797627,PIT,40.461646305059965,-79.96691934569105,Pittsburgh
315967234.33424485,00000000-0000-0000-0000-000000005511,OTHERS,3852.275556016384,2231.2021129633167,PIT,40.461480142264456,-79.96721931727132,Pittsburgh
315967234.33424485,00000000-0000-0000-0000-000000005506,OTHERS,3901.447487834264,2241.4522942143344,PIT,40.46156728890382,-79.96663801811924,Pittsburgh
315967234.33424485,00000000-0000-0000-0000-000000005504,OTHERS,3889.293607364481,2251.036104799993,PIT,40.46165489754167,-79.9667800261534,Pittsburgh
315967234.33424485,00000000-0000-0000-0000-000000005503,AGENT,3911.215222278231,2305.808873008061,PIT,40.462145958122775,-79.96651394226063,Pittsburgh
315967234.4336736,00000000-0000-0000-0000-000000000000,AV,3896.6355074757976,2292.883028109034,PIT,40.46203106441955,-79.96668766664762,Pittsburgh
315967234.4336736,00000000-0000-0000-0000-000000003196,OTHERS,3891.929498143085,2288.4235694194936,PIT,40.46199139149175,-79.96674378056255,Pittsburgh
315967234.4336736,00000000-0000-0000-0000-000000003216,OTHERS,3887.4650651744873,2284.5684183075045,PIT,40.46195713643759,-79.96679696207649,Pittsburgh
315967234.4336736,00000000-0000-0000-0000-000000005085,OTHERS,3885.176595947114,2270.856526547645,PIT,40.46183386626261,-79.96682584263681,Pittsburgh
315967234.4336736,00000000-0000-0000-0000-000000005360,OTHERS,3921.2444603082176,2289.5545030568164,PIT,40.461998487415876,-79.9663979106954,Pittsburgh
315967234.4336736,00000000-0000-0000-0000-000000005373,OTHERS,3919.794463254228,2291.916899621835,PIT,40.46201991988629,-79.96641468444828,Pittsburgh
315967234.4336736,00000000-0000-0000-0000-000000005460,OTHERS,3882.260136445009,2239.228418623421,PIT,40.46154927991162,-79.9668646016174,Pittsburgh
315967234.4336736,00000000-0000-0000-0000-000000005509,OTHERS,3877.2654505077535,2249.9017617152504,PIT,40.46164594776165,-79.96692203102934,Pittsburgh
315967234.4336736,00000000-0000-0000-0000-000000005511,OTHERS,3852.275556016384,2231.2021129633167,PIT,40.461480142264456,-79.96721931727132,Pittsburgh
315967234.4336736,00000000-0000-0000-0000-000000005506,OTHERS,3902.056430601024,2241.5315952453334,PIT,40.461567939012,-79.96663082590612,Pittsburgh
315967234.4336736,00000000-0000-0000-0000-000000005504,OTHERS,3889.172927724299,2251.0538202514927,PIT,40.46165506983789,-79.96678144688606,Pittsburgh
315967234.4336736,00000000-0000-0000-0000-000000005503,AGENT,3911.160683821341,2305.715638518393,PIT,40.462145124053706,-79.96651459831044,Pittsburgh
315967234.53507686,00000000-0000-0000-0000-000000000000,AV,3896.635622232326,2292.883110631516,PIT,40.46203106515079,-79.96668766528289,Pittsburgh
315967234.53507686,00000000-0000-0000-0000-000000003196,OTHERS,3891.9198377777216,2288.4223573669115,PIT,40.46199138159251,-79.96674389465534,Pittsburgh
315967234.53507686,00000000-0000-0000-0000-000000003216,OTHERS,3887.473240564123,2284.5645570993024,PIT,40.46195710079546,-79.96679686619642,Pittsburgh
315967234.53507686,00000000-0000-0000-0000-000000005085,OTHERS,3885.033084870628,2270.7192035125304,PIT,40.46183264443831,-79.96682755402351,Pittsburgh
315967234.53507686,00000000-0000-0000-0000-000000005360,OTHERS,3921.234596069202,2289.545368667102,PIT,40.46199840617712,-79.96639802828639,Pittsburgh
315967234.53507686,00000000-0000-0000-0000-000000005509,OTHERS,3877.169348023949,2249.90648499703,PIT,40.46164600043708,-79.96692316371622,Pittsburgh
315967234.53507686,00000000-0000-0000-0000-000000005373,OTHERS,3919.730896829452,2291.8844409679346,PIT,40.462019634215025,-79.96641543857419,Pittsburgh
315967234.53507686,00000000-0000-0000-0000-000000005460,OTHERS,3883.1386501638335,2239.338454136189,PIT,40.46155017846177,-79.96685422611486,Pittsburgh
315967234.53507686,00000000-0000-0000-0000-000000005511,OTHERS,3852.275556016384,2231.2021129633167,PIT,40.461480142264456,-79.96721931727132,Pittsburgh
315967234.53507686,00000000-0000-0000-0000-000000005506,OTHERS,3901.943313056845,2241.4892462195176,PIT,40.46156756947511,-79.96663216574802,Pittsburgh
315967234.53507686,00000000-0000-0000-0000-000000005504,OTHERS,3889.192687764384,2250.9659616801027,PIT,40.46165427635865,-79.9667812259818,Pittsburgh
315967234.53507686,00000000-0000-0000-0000-000000005503,AGENT,3911.0661431037793,2305.605105550396,PIT,40.46214413838491,-79.96651572849937,Pittsburgh
315967234.6371192,00000000-0000-0000-0000-000000000000,AV,3896.635343027845,2292.883001372007,PIT,40.46203106419605,-79.96668766859065,Pittsburgh
315967234.6371192,00000000-0000-0000-0000-000000003196,OTHERS,3892.00275190344,2288.447634435101,PIT,40.46199160053722,-79.96674291335334,Pittsburgh
315967234.6371192,00000000-0000-0000-0000-000000003216,OTHERS,3887.462361794996,2284.6129584640544,PIT,40.461957537923084,-79.96679698781018,Pittsburgh
315967234.6371192,00000000-0000-0000-0000-000000005085,OTHERS,3885.154874075519,2270.855909660027,PIT,40.46183386299579,-79.96682609888916,Pittsburgh
315967234.6371192,00000000-0000-0000-0000-000000005360,OTHERS,3921.2416799634575,2289.5133815741274,PIT,40.46199811730271,-79.96639794916204,Pittsburgh
315967234.6371192,00000000-0000-0000-0000-000000005373,OTHERS,3919.7123147927337,2291.9452609421696,PIT,40.46202018401745,-79.9664156493162,Pittsburgh
315967234.6371192,00000000-0000-0000-0000-000000005460,OTHERS,3882.4239698791785,2239.292104557754,PIT,40.46154983629976,-79.96686266073965,Pittsburgh
315967234.6371192,00000000-0000-0000-0000-000000005511,OTHERS,3852.275556016384,2231.2021129633167,PIT,40.461480142264456,-79.96721931727132,Pittsburgh
315967234.6371192,00000000-0000-0000-0000-000000005506,OTHERS,3901.799922346365,2241.508336892033,PIT,40.46156775655516,-79.9666338541204,Pittsburgh
315967234.6371192,00000000-0000-0000-0000-000000005509,OTHERS,3877.1185271182176,2249.823627263624,PIT,40.461645259443465,-79.96692377448282,Pittsburgh
315967234.6371192,00000000-0000-0000-0000-000000005504,OTHERS,3888.9275994755794,2251.014968245149,PIT,40.46165474573693,-79.9667843454101,Pittsburgh
315967234.6371192,00000000-0000-0000-0000-000000005503,AGENT,3910.87647908984,2305.374031970062,PIT,40.462142076963694,-79.96651799712922,Pittsburgh
315967234.73467886,00000000-0000-0000-0000-000000000000,AV,3896.635275242512,2292.882973434216,PIT,40.46203106395154,-79.9666876693939,Pittsburgh
315967234.73467886,00000000-0000-0000-0000-000000003196,OTHERS,3891.9476116881415,2288.435463705357,PIT,40.46199149672123,-79.9667435653063,Pittsburgh
315967234.73467886,00000000-0000-0000-0000-000000003216,OTHERS,3887.461156105389,2284.5695086554488,PIT,40.461957146671104,-79.96679700802595,Pittsburgh
315967234.73467886,00000000-0000-0000-0000-000000005085,OTHERS,3885.014781910904,2270.652841941828,PIT,40.46183204860837,-79.96682777903027,Pittsburgh
315967234.73467886,00000000-0000-0000-0000-000000005360,OTHERS,3921.209469501976,2289.532462864345,PIT,40.461998292576546,-79.966398326388,Pittsburgh
315967234.73467886,00000000-0000-0000-0000-000000005509,OTHERS,3877.1185271182176,2249.823627263624,PIT,40.461645259443465,-79.96692377448282,Pittsburgh
315967234.73467886,00000000-0000-0000-0000-000000005373,OTHERS,3919.683974085797,2291.9224290103493,PIT,40.46201998134505,-79.96641598669304,Pittsburgh
315967234.73467886,00000000-0000-0000-0000-000000005460,OTHERS,3882.2226663299066,2239.268398747119,PIT,40.461549643987006,-79.96686503798502,Pittsburgh
315967234.73467886,00000000-0000-0000-0000-000000005506,OTHERS,3901.355162341823,2241.45495779559,PIT,40.461567322630785,-79.96663910654674,Pittsburgh
315967234.73467886,00000000-0000-0000-0000-000000005504,OTHERS,3888.790187142981,2251.0350319834856,PIT,40.46165494094956,-79.96678596314767,Pittsburgh
315967234.73467886,00000000-0000-0000-0000-000000005503,AGENT,3910.767523900767,2305.248270438833,PIT,40.46214095564184,-79.96651929941191,Pittsburgh
315967234.83045214,00000000-0000-0000-0000-000000000000,AV,3896.6352294858752,2292.8830598029203,PIT,40.46203106473434,-79.9666876699216,Pittsburgh
315967234.83045214,00000000-0000-0000-0000-000000003196,OTHERS,3891.933244136997,2288.4270384300817,PIT,40.46199142234433,-79.96674373590693,Pittsburgh
315967234.83045214,00000000-0000-0000-0000-000000003216,OTHERS,3887.456267375895,2284.559996035657,PIT,40.4619570615005,-79.96679706699204,Pittsburgh
315967234.83045214,00000000-0000-0000-0000-000000005085,OTHERS,3885.0150009536974,2270.702873701541,PIT,40.461832499252054,-79.9668277695419,Pittsburgh
315967234.83045214,00000000-0000-0000-0000-000000005360,OTHERS,3921.216378566896,2289.5511827680216,PIT,40.461998460469545,-79.96639824232412,Pittsburgh
315967234.83045214,00000000-0000-0000-0000-000000005509,OTHERS,3877.1185271182176,2249.823627263624,PIT,40.461645259443465,-79.96692377448282,Pittsburgh
315967234.83045214,00000000-0000-0000-0000-000000005373,OTHERS,3919.76150147596,2291.882304747505,PIT,40.46201961174523,-79.96641507794594,Pittsburgh
315967234.83045214,00000000-0000-0000-0000-000000005460,OTHERS,3883.072546655439,2239.341567057365,PIT,40.46155021346999,-79.96685500524424,Pittsburgh
315967234.83045214,00000000-0000-0000-0000-000000005506,OTHERS,3901.964036115952,2241.513708211028,PIT,40.461567787634294,-79.96663191798409,Pittsburgh
315967234.83045214,00000000-0000-0000-0000-000000005504,OTHERS,3888.5319500497008,2250.892844916508,PIT,40.461653687407,-79.96678902816834,Pittsburgh
315967234.83045214,00000000-0000-0000-0000-000000005503,AGENT,3910.561626170672,2304.9885855667817,PIT,40.462138638212956,-79.96652176343751,Pittsburgh
315967234.9371091,00000000-0000-0000-0000-000000000000,AV,3896.63510222576,2292.883121082508,PIT,40.462031065299755,-79.96668767141392,Pittsburgh
315967234.9371091,00000000-0000-0000-0000-000000003196,OTHERS,3891.930597502876,2288.414179567896,PIT,40.4619913067957,-79.96674376889379,Pittsburgh
315967234.9371091,00000000-0000-0000-0000-000000003216,OTHERS,3887.448678737954,2284.578562523723,PIT,40.46195722954024,-79.96679715392285,Pittsburgh
315967234.9371091,00000000-0000-0000-0000-000000005085,OTHERS,3885.1963987911104,2270.868347063369,PIT,40.46183397064967,-79.96682560746937,Pittsburgh
315967234.9371091,00000000-0000-0000-0000-000000005360,OTHERS,3921.214492624477,2289.540630885237,PIT,40.46199836562118,-79.96639826602213,Pittsburgh
315967234.9371091,00000000-0000-0000-0000-000000005506,OTHERS,3901.4314648937134,2241.4269610009337,PIT,40.46156706240143,-79.96663821057489,Pittsburgh
315967234.9371091,00000000-0000-0000-0000-000000005509,OTHERS,3877.1185271182176,2249.823627263624,PIT,40.461645259443465,-79.96692377448282,Pittsburgh
315967234.9371091,00000000-0000-0000-0000-000000005460,OTHERS,3882.190626205099,2239.261371116712,PIT,40.461549584062276,-79.96686541680424,Pittsburgh
315967234.9371091,00000000-0000-0000-0000-000000005373,OTHERS,3919.720296733141,2291.9192863274748,PIT,40.4620199492064,-79.96641555877086,Pittsburgh
315967234.9371091,00000000-0000-0000-0000-000000005504,OTHERS,3888.743818575194,2250.828386868728,PIT,40.46165308445835,-79.96678653849455,Pittsburgh
315967234.9371091,00000000-0000-0000-0000-000000005503,AGENT,3910.4705018189807,2304.8681421830647,PIT,40.46213756291462,-79.96652285470489,Pittsburgh
315967235.03230107,00000000-0000-0000-0000-000000000000,AV,3896.634952600152,2292.883310428253,PIT,40.46203106702107,-79.96668767315234,Pittsburgh
315967235.03230107,00000000-0000-0000-0000-000000003196,OTHERS,3891.946111130296,2288.433434807722,PIT,40.4619914786039,-79.96674358328254,Pittsburgh
315967235.03230107,00000000-0000-0000-0000-000000003216,OTHERS,3887.450191323071,2284.5743871739733,PIT,40.46195719177084,-79.96679713666111,Pittsburgh
315967235.03230107,00000000-0000-0000-0000-000000005085,OTHERS,3885.196231268348,2270.9049676725745,PIT,40.461834300531635,-79.96682560439073,Pittsburgh
315967235.03230107,00000000-0000-0000-0000-000000005360,OTHERS,3921.214444612288,2289.567068628676,PIT,40.46199860376718,-79.96639826293796,Pittsburgh
315967235.03230107,00000000-0000-0000-0000-000000005506,OTHERS,3902.012551556072,2241.5030962086807,PIT,40.46156768693015,-79.96663134730603,Pittsburgh
315967235.03230107,00000000-0000-0000-0000-000000005504,OTHERS,3888.446907782341,2250.8281216143328,PIT,40.46165311336973,-79.96679004000686,Pittsburgh
315967235.03230107,00000000-0000-0000-0000-000000005503,AGENT,3910.300772548179,2304.6972972056988,PIT,40.46213604190709,-79.96652487992672,Pittsburgh
315967235.03230107,00000000-0000-0000-0000-000000005460,OTHERS,3882.916997249461,2239.288318939361,PIT,40.46154975022856,-79.96685684698795,Pittsburgh
315967235.03230107,00000000-0000-0000-0000-000000005373,OTHERS,3919.712250533557,2291.914710123289,PIT,40.462019908834286,-79.96641565429223,Pittsburgh
315967235.1293516,00000000-0000-0000-0000-000000000000,AV,3896.6349421041655,2292.883381689508,PIT,40.46203106766408,-79.96668767326628,Pittsburgh
315967235.1293516,00000000-0000-0000-0000-000000003196,OTHERS,3891.9267898825033,2288.4273325318204,PIT,40.46199142567393,-79.96674381198189,Pittsburgh
315967235.1293516,00000000-0000-0000-0000-000000003216,OTHERS,3887.455106320997,2284.594512686848,PIT,40.46195737253555,-79.96679707592043,Pittsburgh
315967235.1293516,00000000-0000-0000-0000-000000005360,OTHERS,3921.223159240024,2289.562709515809,PIT,40.46199856358293,-79.96639816076753,Pittsburgh
315967235.1293516,00000000-0000-0000-0000-000000005085,OTHERS,3885.147262636546,2270.834485374349,PIT,40.46183367081646,-79.96682619160818,Pittsburgh
315967235.1293516,00000000-0000-0000-0000-000000005506,OTHERS,3902.2409147034496,2241.577491855532,PIT,40.46156833297945,-79.96662864394816,Pittsburgh
315967235.1293516,00000000-0000-0000-0000-000000005504,OTHERS,3888.402974258345,2250.9203999443453,PIT,40.46165394920881,-79.96679054537964,Pittsburgh
315967235.1293516,00000000-0000-0000-0000-000000005503,AGENT,3910.1703080408106,2304.455095167792,PIT,40.46213387400233,-79.96652645194635,Pittsburgh
315967235.1293516,00000000-0000-0000-0000-000000005373,OTHERS,3919.6928812843257,2291.940130579092,PIT,40.46202013985457,-79.96641587920558,Pittsburgh
315967235.1293516,00000000-0000-0000-0000-000000005460,OTHERS,3881.975037305043,2239.1821764166248,PIT,40.461548893432806,-79.96686797017477,Pittsburgh
315967235.2302453,00000000-0000-0000-0000-000000000000,AV,3896.634744771316,2292.883485213911,PIT,40.462031068617385,-79.96668767557915,Pittsburgh
315967235.2302453,00000000-0000-0000-0000-000000003196,OTHERS,3891.924989737336,2288.425041305385,PIT,40.46199140522525,-79.96674383352739,Pittsburgh
315967235.2302453,00000000-0000-0000-0000-000000003216,OTHERS,3887.455643353243,2284.570131888935,PIT,40.46195715286612,-79.96679707295222,Pittsburgh
315967235.2302453,00000000-0000-0000-0000-000000005360,OTHERS,3921.228648961343,2289.523277607097,PIT,40.46199820781661,-79.96639810147133,Pittsburgh
315967235.2302453,00000000-0000-0000-0000-000000005085,OTHERS,3885.20616895136,2270.883619853471,PIT,40.461834107191116,-79.96682549014145,Pittsburgh
315967235.2302453,00000000-0000-0000-0000-000000005506,OTHERS,3901.420772611378,2241.449249437587,PIT,40.46156726429441,-79.96663833359236,Pittsburgh
315967235.2302453,00000000-0000-0000-0000-000000005504,OTHERS,3888.083415159779,2250.835510433757,PIT,40.461653218245026,-79.96679432566378,Pittsburgh
315967235.2302453,00000000-0000-0000-0000-000000005503,AGENT,3910.0133349767175,2304.251362729364,PIT,40.462132055412084,-79.96652833127307,Pittsburgh
315967235.2302453,00000000-0000-0000-0000-000000005373,OTHERS,3919.707080295381,2291.930759850805,PIT,40.46202005394926,-79.96641571304927,Pittsburgh
315967235.2302453,00000000-0000-0000-0000-000000005460,OTHERS,3882.085483168808,2239.276191304155,PIT,40.461549728640236,-79.96686665471125,Pittsburgh
315967235.33129627,00000000-0000-0000-0000-000000000000,AV,3896.6348168980094,2292.883463168165,PIT,40.462031068411214,-79.9666876747316,Pittsburgh
315967235.33129627,00000000-0000-0000-0000-000000003196,OTHERS,3891.996389532839,2288.437556917388,PIT,40.4619915104336,-79.96674298977626,Pittsburgh
315967235.33129627,00000000-0000-0000-0000-000000003216,OTHERS,3887.452093638316,2284.5962636455674,PIT,40.4619573886251,-79.96679711120757,Pittsburgh
315967235.33129627,00000000-0000-0000-0000-000000005360,OTHERS,3921.217298729323,2289.5499467521217,PIT,40.46199844923895,-79.96639823164323,Pittsburgh
315967235.33129627,00000000-0000-0000-0000-000000005085,OTHERS,3885.1666441644734,2270.796667722421,PIT,40.46183332812651,-79.96682596826021,Pittsburgh
315967235.33129627,00000000-0000-0000-0000-000000005514,OTHERS,3867.086923599582,2241.328178660672,PIT,40.46156979305865,-79.96704324965862,Pittsburgh
315967235.33129627,00000000-0000-0000-0000-000000005506,OTHERS,3901.4433449670673,2241.454215239099,PIT,40.46156730664448,-79.96663806671093,Pittsburgh
315967235.33129627,00000000-0000-0000-0000-000000005504,OTHERS,3887.7920973895007,2250.862145732006,PIT,40.46165348887632,-79.96679775750466,Pittsburgh
315967235.33129627,00000000-0000-0000-0000-000000005503,AGENT,3909.829595047391,2304.0014872898514,PIT,40.462129824006055,-79.9665305326345,Pittsburgh
315967235.33129627,00000000-0000-0000-0000-000000005373,OTHERS,3919.736708398716,2291.929766030541,PIT,40.462020041872734,-79.96641536377975,Pittsburgh
315967235.33129627,00000000-0000-0000-0000-000000005460,OTHERS,3882.0058778980406,2239.165161120322,PIT,40.46154873691459,-79.96686760881978,Pittsburgh
315967235.43103623,00000000-0000-0000-0000-000000000000,AV,3896.634697339666,2292.8834286678325,PIT,40.46203106811304,-79.96668767614632,Pittsburgh
315967235.43103623,00000000-0000-0000-0000-000000003196,OTHERS,3891.924384826031,2288.418443702629,PIT,40.461991345860355,-79.96674384157181,Pittsburgh
315967235.43103623,00000000-0000-0000-0000-000000003216,OTHERS,3887.433080415504,2284.565002429994,PIT,40.46195710904054,-79.96679733974663,Pittsburgh
315967235.43103623,00000000-0000-0000-0000-000000005360,OTHERS,3921.252874203251,2289.503058458281,PIT,40.461998023135536,-79.96639781857282,Pittsburgh
315967235.43103623,00000000-0000-0000-0000-000000005506,OTHERS,3901.912791810455,2241.475780339172,PIT,40.46156745139771,-79.96663252754414,Pittsburgh
315967235.43103623,00000000-0000-0000-0000-000000005085,OTHERS,3885.190656649464,2270.860586130399,PIT,40.461833901347504,-79.9668256762579,Pittsburgh
315967235.43103623,00000000-0000-0000-0000-000000005514,OTHERS,3867.059071318624,2241.576048976855,PIT,40.461572028714464,-79.96704354391822,Pittsburgh
315967235.43103623,00000000-0000-0000-0000-000000005504,OTHERS,3887.631543361501,2250.740540666318,PIT,40.46165241043044,-79.96679966770576,Pittsburgh
315967235.43103623,00000000-0000-0000-0000-000000005503,AGENT,3909.641338629965,2303.7084950978915,PIT,40.46212720469726,-79.96653279321175,Pittsburgh
315967235.43103623,00000000-0000-0000-0000-000000005460,OTHERS,3882.8260106352704,2239.315124916864,PIT,40.46155000127772,-79.96685791629403,Pittsburgh
315967235.43103623,00000000-0000-0000-0000-000000005373,OTHERS,3919.7002125152862,2291.8975529174786,PIT,40.46201975555835,-79.96641579862654,Pittsburgh
315967235.52953607,00000000-0000-0000-0000-000000000000,AV,3896.634686301684,2292.8835916073667,PIT,40.46203106958191,-79.96668767625401,Pittsburgh
315967235.52953607,00000000-0000-0000-0000-000000003196,OTHERS,3891.927569669488,2288.419167602872,PIT,40.461991352045196,-79.96674380391278,Pittsburgh
315967235.52953607,00000000-0000-0000-0000-000000003216,OTHERS,3887.467589554329,2284.565224725682,PIT,40.461957107404906,-79.96679693274706,Pittsburgh
315967235.52953607,00000000-0000-0000-0000-000000005360,OTHERS,3921.239121380618,2289.518294904893,PIT,40.461998161829925,-79.96639797865721,Pittsburgh
315967235.52953607,00000000-0000-0000-0000-000000005506,OTHERS,3901.923744047079,2241.494885624611,PIT,40.46156762233598,-79.96663239574703,Pittsburgh
315967235.52953607,00000000-0000-0000-0000-000000005085,OTHERS,3885.2055279269566,2270.9053234267826,PIT,40.4618343027561,-79.96682549470565,Pittsburgh
315967235.52953607,00000000-0000-0000-0000-000000005514,OTHERS,3867.006348506068,2242.013376246085,PIT,40.4615759735468,-79.96704410533391,Pittsburgh
315967235.52953607,00000000-0000-0000-0000-000000005504,OTHERS,3887.9828105484057,2250.7433157751675,PIT,40.4616523983969,-79.96679552482088,Pittsburgh
315967235.52953607,00000000-0000-0000-0000-000000005503,AGENT,3909.2965234298713,2303.3207358185705,PIT,40.46212374827198,-79.96653691318606,Pittsburgh
315967235.52953607,00000000-0000-0000-0000-000000005460,OTHERS,3881.9948238739753,2239.187960860916,PIT,40.46154894345109,-79.96686773603336,Pittsburgh
315967235.52953607,00000000-0000-0000-0000-000000005373,OTHERS,3919.697762112903,2291.930587289108,PIT,40.462020053377586,-79.96641582296321,Pittsburgh
315967235.62776965,00000000-0000-0000-0000-000000000000,AV,3896.634643028309,2292.883396686349,PIT,40.46203106783069,-79.96668767679124,Pittsburgh
315967235.62776965,00000000-0000-0000-0000-000000003196,OTHERS,3891.935192512649,2288.4288447511544,PIT,40.46199143840956,-79.96674371268026,Pittsburgh
315967235.62776965,00000000-0000-0000-0000-000000003216,OTHERS,3887.455147264483,2284.563174498075,PIT,40.46195709024894,-79.9667970797629,Pittsburgh
315967235.62776965,00000000-0000-0000-0000-000000005360,OTHERS,3921.251491225574,2289.4592970028784,PIT,40.46199762909516,-79.96639784092471,Pittsburgh
315967235.62776965,00000000-0000-0000-0000-000000005506,OTHERS,3901.921585011962,2241.508330136785,PIT,40.461567743666585,-79.96663241935265,Pittsburgh
315967235.62776965,00000000-0000-0000-0000-000000005085,OTHERS,3885.017961383742,2270.704918264257,PIT,40.4618325173566,-79.9668277343472,Pittsburgh
315967235.62776965,00000000-0000-0000-0000-000000005514,OTHERS,3866.9354308484367,2242.6185154242094,PIT,40.46158143188178,-79.96704485816599,Pittsburgh
315967235.62776965,00000000-0000-0000-0000-000000005504,OTHERS,3887.5789813314727,2250.865151950337,PIT,40.46165353842188,-79.96680027037226,Pittsburgh
315967235.62776965,00000000-0000-0000-0000-000000005503,AGENT,3909.112215987819,2303.0086583637617,PIT,40.46212095663396,-79.96653912982701,Pittsburgh
315967235.62776965,00000000-0000-0000-0000-000000005460,OTHERS,3881.822867098732,2239.1495390014893,PIT,40.46154861548822,-79.96686976922298,Pittsburgh
315967235.62776965,00000000-0000-0000-0000-000000005373,OTHERS,3919.73455216997,2291.919717454488,PIT,40.46201995158644,-79.96641539059576,Pittsburgh
315967235.72918534,00000000-0000-0000-0000-000000000000,AV,3896.6346211847344,2292.8834399890443,PIT,40.46203106822305,-79.96668767704286,Pittsburgh
315967235.72918534,00000000-0000-0000-0000-000000003196,OTHERS,3891.915429280493,2288.423859556676,PIT,40.461991395588434,-79.96674394643776,Pittsburgh
315967235.72918534,00000000-0000-0000-0000-000000003216,OTHERS,3887.4616932087056,2284.577554041365,PIT,40.46195721908421,-79.96679700058141,Pittsburgh
315967235.72918534,00000000-0000-0000-0000-000000005360,OTHERS,3921.267328297848,2289.5203492783385,PIT,40.46199817736017,-79.96639764572708,Pittsburgh
315967235.72918534,00000000-0000-0000-0000-000000005506,OTHERS,3901.898196433993,2241.4730510026884,PIT,40.4615674283518,-79.96663270004427,Pittsburgh
315967235.72918534,00000000-0000-0000-0000-000000005085,OTHERS,3885.20659492738,2270.8360951322643,PIT,40.461833679061876,-79.96682549167708,Pittsburgh
315967235.72918534,00000000-0000-0000-0000-000000005514,OTHERS,3866.92951825041,2243.1199731914226,PIT,40.46158594944336,-79.96704485869932,Pittsburgh
315967235.72918534,00000000-0000-0000-0000-000000005504,OTHERS,3887.652650367815,2250.819121707157,PIT,40.46165311603303,-79.96679940794469,Pittsburgh
315967235.72918534,00000000-0000-0000-0000-000000005503,AGENT,3908.887204456364,2302.664791446094,PIT,40.46211788294089,-79.96654183088404,Pittsburgh
315967235.72918534,00000000-0000-0000-0000-000000005460,OTHERS,3881.726084062888,2239.140070119305,PIT,40.461548540398326,-79.96687091189256,Pittsburgh
315967235.72918534,00000000-0000-0000-0000-000000005373,OTHERS,3919.71938971432,2291.914922749289,PIT,40.46201990999665,-79.96641557006991,Pittsburgh
315967235.83478886,00000000-0000-0000-0000-000000000000,AV,3896.634667964754,2292.883389793184,PIT,40.46203106776597,-79.96668767649811,Pittsburgh
315967235.83478886,00000000-0000-0000-0000-000000003196,OTHERS,3891.983665434437,2288.4420159676106,PIT,40.46199155194046,-79.96674313921713,Pittsburgh
315967235.83478886,00000000-0000-0000-0000-000000003216,OTHERS,3887.445639494651,2284.580823406616,PIT,40.461957250225794,-79.96679718945283,Pittsburgh
315967235.83478886,00000000-0000-0000-0000-000000005360,OTHERS,3921.226677180815,2289.564121272527,PIT,40.461998575928476,-79.96639811908524,Pittsburgh
315967235.83478886,00000000-0000-0000-0000-000000005085,OTHERS,3885.193045701144,2270.822572004402,PIT,40.46183355867908,-79.96682565333025,Pittsburgh
315967235.83478886,00000000-0000-0000-0000-000000005514,OTHERS,3866.8332534839446,2243.9113010520937,PIT,40.461593087565724,-79.967045884759,Pittsburgh
315967235.83478886,00000000-0000-0000-0000-000000005503,AGENT,3908.643511532274,2302.372939470052,PIT,40.462115279748076,-79.96654474507145,Pittsburgh
315967235.83478886,00000000-0000-0000-0000-000000005506,OTHERS,3902.1979045729818,2241.521398684033,PIT,40.461567832248704,-79.96662915891011,Pittsburgh
315967235.83478886,00000000-0000-0000-0000-000000005504,OTHERS,3887.72937873634,2250.6859539634843,PIT,40.461651908420684,-79.96679852146498,Pittsburgh
315967235.83478886,00000000-0000-0000-0000-000000005373,OTHERS,3919.7063859495006,2291.944654302073,PIT,40.46202017917832,-79.96641571931931,Pittsburgh
315967235.83478886,00000000-0000-0000-0000-000000005460,OTHERS,3881.90706523872,2239.116482863251,PIT,40.46154830885573,-79.96686878083598,Pittsburgh
315967235.9357639,00000000-0000-0000-0000-000000000000,AV,3896.634734737437,2292.8834635287217,PIT,40.462031068423116,-79.96668767570047,Pittsburgh
315967235.9357639,00000000-0000-0000-0000-000000003196,OTHERS,3891.929849923296,2288.427402312179,PIT,40.46199142597988,-79.96674377588494,Pittsburgh
315967235.9357639,00000000-0000-0000-0000-000000003216,OTHERS,3887.473867192692,2284.616609027325,PIT,40.46195756959305,-79.96679685162229,Pittsburgh
315967235.9357639,00000000-0000-0000-0000-000000005360,OTHERS,3921.216247090752,2289.5572999994924,PIT,40.461998515585066,-79.96639824303,Pittsburgh
315967235.9357639,00000000-0000-0000-0000-000000005085,OTHERS,3885.122921080364,2270.813706724547,PIT,40.46183348621644,-79.96682648153725,Pittsburgh
315967235.9357639,00000000-0000-0000-0000-000000005514,OTHERS,3866.783443848885,2244.431614138674,PIT,40.46159777959528,-79.96704640036897,Pittsburgh
315967235.9357639,00000000-0000-0000-0000-000000005503,AGENT,3908.312391639652,2301.852427017541,PIT,40.46211062608908,-79.96654872186141,Pittsburgh
315967235.9357639,00000000-0000-0000-0000-000000005506,OTHERS,3901.963621140616,2241.520561362961,PIT,40.46156784940859,-79.96663192193188,Pittsburgh
315967235.9357639,00000000-0000-0000-0000-000000005504,OTHERS,3887.670170764255,2250.74343885394,PIT,40.4616524324641,-79.96679921177191,Pittsburgh
315967235.9357639,00000000-0000-0000-0000-000000005373,OTHERS,3919.737824361344,2291.926377610912,PIT,40.462020011233484,-79.96641535108694,Pittsburgh
315967235.9357639,00000000-0000-0000-0000-000000005460,OTHERS,3881.788847827577,2239.193365517568,PIT,40.46154901384664,-79.96687016436395,Pittsburgh
315967236.03267163,00000000-0000-0000-0000-000000000000,AV,3896.634702256285,2292.8833360912954,PIT,40.46203106727864,-79.96668767610112,Pittsburgh
315967236.03267163,00000000-0000-0000-0000-000000003196,OTHERS,3891.921401486203,2288.402657893485,PIT,40.461991203982414,-79.96674387893347,Pittsburgh
315967236.03267163,00000000-0000-0000-0000-000000003216,OTHERS,3887.473159121109,2284.562073381825,PIT,40.46195707843168,-79.9667968674997,Pittsburgh
315967236.03267163,00000000-0000-0000-0000-000000005360,OTHERS,3921.225525741477,2289.549240277881,PIT,40.461998442007676,-79.96639813471894,Pittsburgh
315967236.03267163,00000000-0000-0000-0000-000000005085,OTHERS,3885.175508655393,2270.844361370241,PIT,40.46183375679801,-79.96682585713829,Pittsburgh
315967236.03267163,00000000-0000-0000-0000-000000005514,OTHERS,3866.813756514373,2244.827178134814,PIT,40.46160133948858,-79.96704598830914,Pittsburgh
315967236.03267163,00000000-0000-0000-0000-000000005503,AGENT,3907.9042404368215,2301.3420896584644,PIT,40.462106072205884,-79.96655360568415,Pittsburgh
315967236.03267163,00000000-0000-0000-0000-000000005506,OTHERS,3901.917221775079,2241.499349881592,PIT,40.46156766323597,-79.96663247204796,Pittsburgh
315967236.03267163,00000000-0000-0000-0000-000000005504,OTHERS,3887.5342535624463,2250.6688095689333,PIT,40.461651774560686,-79.96680082494679,Pittsburgh
315967236.03267163,00000000-0000-0000-0000-000000005373,OTHERS,3919.7049057434447,2291.924942986904,PIT,40.462020001782534,-79.9664157394971,Pittsburgh
315967236.03267163,00000000-0000-0000-0000-000000005460,OTHERS,3882.714630743363,2239.3090300933486,PIT,40.46154995811887,-79.96685923063878,Pittsburgh
315967236.13598543,00000000-0000-0000-0000-000000000000,AV,3896.6347705231688,2292.8834509347685,PIT,40.4620310683059,-79.9666876752802,Pittsburgh
315967236.13598543,00000000-0000-0000-0000-000000003196,OTHERS,3891.929790614042,2288.42531974358,PIT,40.46199140722716,-79.96674377687182,Pittsburgh
315967236.13598543,00000000-0000-0000-0000-000000003216,OTHERS,3887.459632537854,2284.5703194867333,PIT,40.46195715413538,-79.96679702588158,Pittsburgh
315967236.13598543,00000000-0000-0000-0000-000000005360,OTHERS,3921.2409892642986,2289.571778180685,PIT,40.46199864338956,-79.96639794924445,Pittsburgh
315967236.13598543,00000000-0000-0000-0000-000000005085,OTHERS,3885.031704544606,2270.709378426245,PIT,40.46183255608325,-79.9668275716578,Pittsburgh
315967236.13598543,00000000-0000-0000-0000-000000005514,OTHERS,3866.856869687196,2245.236193974361,PIT,40.46160501920182,-79.9670454234365,Pittsburgh
315967236.13598543,00000000-0000-0000-0000-000000005503,AGENT,3907.5772152040295,2300.9854974947752,PIT,40.462102894645255,-79.96655751155448,Pittsburgh
315967236.13598543,00000000-0000-0000-0000-000000005506,OTHERS,3901.937888862005,2241.510266810837,PIT,40.461567759392366,-79.96663222681389,Pittsburgh
315967236.13598543,00000000-0000-0000-0000-000000005504,OTHERS,3887.3421997516944,2250.802651999345,PIT,40.461653000407914,-79.96680307136897,Pittsburgh
315967236.13598543,00000000-0000-0000-0000-000000005373,OTHERS,3919.694004868888,2291.918579325381,PIT,40.462019945610734,-79.96641586893068,Pittsburgh
315967236.13598543,00000000-0000-0000-0000-000000005460,OTHERS,3881.975185196161,2239.202611480773,PIT,40.46154907748839,-79.96686796561046,Pittsburgh
315967236.23536134,00000000-0000-0000-0000-000000000000,AV,3896.634746116222,2292.883416038015,PIT,40.46203106799414,-79.96668767557284,Pittsburgh
315967236.23536134,00000000-0000-0000-0000-000000003196,OTHERS,3891.929580380672,2288.423182758472,PIT,40.46199138800019,-79.9667437796461,Pittsburgh
315967236.23536134,00000000-0000-0000-0000-000000003216,OTHERS,3887.453850204273,2284.5658288230256,PIT,40.461957114294805,-79.96679709469288,Pittsburgh
315967236.23536134,00000000-0000-0000-0000-000000005360,OTHERS,3921.2472108892407,2289.512861919017,PIT,40.46199811203856,-79.96639788400714,Pittsburgh
315967236.23536134,00000000-0000-0000-0000-000000005085,OTHERS,3885.2040843809136,2270.890416275545,PIT,40.46183416863042,-79.96682551378689,Pittsburgh
315967236.23536134,00000000-0000-0000-0000-000000005514,OTHERS,3866.932740897052,2245.7742671550145,PIT,40.46160985796132,-79.96704445443967,Pittsburgh
315967236.23536134,00000000-0000-0000-0000-000000005503,AGENT,3907.0361544273455,2300.282442404906,PIT,40.46209661884965,-79.96656398939706,Pittsburgh
315967236.23536134,00000000-0000-0000-0000-000000005515,OTHERS,3905.2095752455416,2249.8192910383427,PIT,40.46164225890848,-79.9665924967644,Pittsburgh
315967236.23536134,00000000-0000-0000-0000-000000005506,OTHERS,3901.942843715305,2241.491285899004,PIT,40.461567587897235,-79.96663217100141,Pittsburgh
315967236.23536134,00000000-0000-0000-0000-000000005504,OTHERS,3887.479225478042,2250.740468165925,PIT,40.46165242583471,-79.96680146400399,Pittsburgh
315967236.23536134,00000000-0000-0000-0000-000000005373,OTHERS,3919.690996225111,2291.952711554896,PIT,40.46202025337794,-79.96641589969917,Pittsburgh
315967236.23536134,00000000-0000-0000-0000-000000005460,OTHERS,3881.7549520333855,2239.1924886540337,PIT,40.46154900952122,-79.96687056421823,Pittsburgh
315967236.3317779,00000000-0000-0000-0000-000000000000,AV,3896.634847872159,2292.883449980233,PIT,40.46203106828915,-79.96668767436815,Pittsburgh
315967236.3317779,00000000-0000-0000-0000-000000003196,OTHERS,3891.927798352548,2288.428296969231,PIT,40.461991434254905,-79.9667437999558,Pittsburgh
315967236.3317779,00000000-0000-0000-0000-000000003216,OTHERS,3887.450973577848,2284.565180823833,PIT,40.46195710876113,-79.9667971287066,Pittsburgh
315967236.3317779,00000000-0000-0000-0000-000000005360,OTHERS,3921.243898116943,2289.5390914160307,PIT,40.461998348653076,-79.96639791945331,Pittsburgh
315967236.3317779,00000000-0000-0000-0000-000000005085,OTHERS,3885.16563391943,2270.8633449221384,PIT,40.46183392883547,-79.96682597097156,Pittsburgh
315967236.3317779,00000000-0000-0000-0000-000000005514,OTHERS,3867.0103691644536,2246.030477699494,PIT,40.46161215762558,-79.96704350361479,Pittsburgh
315967236.3317779,00000000-0000-0000-0000-000000005503,AGENT,3906.593403932845,2299.591324325391,PIT,40.46209044021136,-79.96656930620769,Pittsburgh
315967236.3317779,00000000-0000-0000-0000-000000005515,OTHERS,3904.215362055023,2249.6681988116147,PIT,40.461641002758434,-79.96660424239798,Pittsburgh
315967236.3317779,00000000-0000-0000-0000-000000005506,OTHERS,3901.785794093085,2241.4943914110995,PIT,40.46156763242929,-79.96663402266003,Pittsburgh
315967236.3317779,00000000-0000-0000-0000-000000005504,OTHERS,3887.543635680475,2250.744561845765,PIT,40.46165245591889,-79.96680070384802,Pittsburgh
315967236.3317779,00000000-0000-0000-0000-000000005373,OTHERS,3919.704915574363,2291.965105427864,PIT,40.462020363549186,-79.96641573383586,Pittsburgh
315967236.3317779,00000000-0000-0000-0000-000000005460,OTHERS,3881.788366774824,2239.2017857248934,PIT,40.46154908974333,-79.96687016887495,Pittsburgh
315967236.4290594,00000000-0000-0000-0000-000000000000,AV,3896.635145393149,2292.883403609905,PIT,40.462031067840094,-79.96668767086585,Pittsburgh
315967236.4290594,00000000-0000-0000-0000-000000003196,OTHERS,3891.923493597577,2288.4190427491103,PIT,40.461991351350306,-79.96674385199947,Pittsburgh
315967236.4290594,00000000-0000-0000-0000-000000003216,OTHERS,3887.4596599546753,2284.568848269808,PIT,40.461957140880344,-79.96679702576131,Pittsburgh
315967236.4290594,00000000-0000-0000-0000-000000005360,OTHERS,3921.2380581147054,2289.510496608193,PIT,40.46199809169803,-79.96639799227314,Pittsburgh
315967236.4290594,00000000-0000-0000-0000-000000005085,OTHERS,3885.187052140253,2270.8602225809464,PIT,40.461833898452774,-79.96682571881625,Pittsburgh
315967236.4290594,00000000-0000-0000-0000-000000005514,OTHERS,3866.7208672192432,2247.2536916027034,PIT,40.46162320637723,-79.96704674893004,Pittsburgh
315967236.4290594,00000000-0000-0000-0000-000000005503,AGENT,3906.083206688925,2298.9638532376525,PIT,40.4620848419921,-79.96657540963689,Pittsburgh
315967236.4290594,00000000-0000-0000-0000-000000005515,OTHERS,3903.394157793946,2249.6240291928484,PIT,40.461640691482856,-79.96661393297346,Pittsburgh
315967236.4290594,00000000-0000-0000-0000-000000005506,OTHERS,3901.254533747295,2241.396427565801,PIT,40.46156680602297,-79.96664030133996,Pittsburgh
315967236.4290594,00000000-0000-0000-0000-000000005504,OTHERS,3887.287084439714,2250.757474285131,PIT,40.46165259927472,-79.96680372758044,Pittsburgh
315967236.4290594,00000000-0000-0000-0000-000000005373,OTHERS,3919.724665875309,2291.9317642697893,PIT,40.46202006114209,-79.96641550552235,Pittsburgh
315967236.4290594,00000000-0000-0000-0000-000000005460,OTHERS,3882.4059552057015,2239.361384223785,PIT,40.46155046224326,-79.9668628636255,Pittsburgh
315967236.52984136,00000000-0000-0000-0000-000000000000,AV,3896.635192097653,2292.883544491972,PIT,40.46203106910418,-79.96668767029561,Pittsburgh
315967236.52984136,00000000-0000-0000-0000-000000003196,OTHERS,3891.930097289891,2288.426063109109,PIT,40.46199141389078,-79.96674377315257,Pittsburgh
315967236.52984136,00000000-0000-0000-0000-000000003216,OTHERS,3887.491749902525,2284.573103821253,PIT,40.46195717582975,-79.96679664673476,Pittsburgh
315967236.52984136,00000000-0000-0000-0000-000000005360,OTHERS,3921.241493471081,2289.5446071692177,PIT,40.46199839859044,-79.96639794704991,Pittsburgh
315967236.52984136,00000000-0000-0000-0000-000000005373,OTHERS,3919.689841356256,2291.9218288691955,PIT,40.46201997532046,-79.96641591758267,Pittsburgh
315967236.52984136,00000000-0000-0000-0000-000000005460,OTHERS,3882.572681191694,2239.2493258196914,PIT,40.46154943528921,-79.96686091289033,Pittsburgh
315967236.52984136,00000000-0000-0000-0000-000000005503,AGENT,3905.746019879233,2298.579577343481,PIT,40.46208141613785,-79.96657943916317,Pittsburgh
315967236.52984136,00000000-0000-0000-0000-000000005085,OTHERS,3885.1964015971166,2270.882671328264,PIT,40.461834099676814,-79.96682560545929,Pittsburgh
315967236.52984136,00000000-0000-0000-0000-000000005514,OTHERS,3866.809081279352,2247.9139706250344,PIT,40.46162914461901,-79.96704561751086,Pittsburgh
315967236.52984136,00000000-0000-0000-0000-000000005515,OTHERS,3902.63794081168,2249.539743192699,PIT,40.46164001200147,-79.96662286269036,Pittsburgh
315967236.52984136,00000000-0000-0000-0000-000000005506,OTHERS,3900.9793875628297,2241.299657448843,PIT,40.46156596336542,-79.96664355949892,Pittsburgh
315967236.52984136,00000000-0000-0000-0000-000000005504,OTHERS,3887.486420168381,2250.6692629255326,PIT,40.461651783686925,-79.96680138898449,Pittsburgh
315967236.62858063,00000000-0000-0000-0000-000000000000,AV,3896.635168376676,2292.88368448744,PIT,40.4620310703677,-79.96668767055603,Pittsburgh
315967236.62858063,00000000-0000-0000-0000-000000003196,OTHERS,3891.9505837976935,2288.442944776163,PIT,40.46199156379448,-79.96674352922336,Pittsburgh
315967236.62858063,00000000-0000-0000-0000-000000003216,OTHERS,3887.461788260382,2284.586841073224,PIT,40.46195730272819,-79.96679699817865,Pittsburgh
315967236.62858063,00000000-0000-0000-0000-000000005360,OTHERS,3921.19304659269,2289.5235085945715,PIT,40.46199821365195,-79.96639852130107,Pittsburgh
315967236.62858063,00000000-0000-0000-0000-000000005373,OTHERS,3919.695112111498,2291.9293711797663,PIT,40.46202004270281,-79.96641585438282,Pittsburgh
315967236.62858063,00000000-0000-0000-0000-000000005460,OTHERS,3882.806575681444,2239.195388281647,PIT,40.461548924785006,-79.96685816201544,Pittsburgh
315967236.62858063,00000000-0000-0000-0000-000000005503,AGENT,3905.05568721388,2297.776736705544,PIT,40.462074257251,-79.9665876911546,Pittsburgh
315967236.62858063,00000000-0000-0000-0000-000000005085,OTHERS,3885.169869156831,2270.873725343487,PIT,40.46183402189184,-79.96682591959251,Pittsburgh
315967236.62858063,00000000-0000-0000-0000-000000005514,OTHERS,3866.790244261957,2248.586176570272,PIT,40.461635201576534,-79.96704574690126,Pittsburgh
315967236.62858063,00000000-0000-0000-0000-000000005515,OTHERS,3901.745483038516,2249.4442662494985,PIT,40.46163924608053,-79.96663340064222,Pittsburgh
315967236.62858063,00000000-0000-0000-0000-000000005506,OTHERS,3900.9793875628297,2241.299657448843,PIT,40.46156596336542,-79.96664355949892,Pittsburgh
315967236.62858063,00000000-0000-0000-0000-000000005504,OTHERS,3887.416663489613,2250.708343850839,PIT,40.461652143066544,-79.96680220623269,Pittsburgh
315967236.73119515,00000000-0000-0000-0000-000000000000,AV,3896.634942752184,2292.8835427745857,PIT,40.46203106911499,-79.9666876732364,Pittsburgh
315967236.73119515,00000000-0000-0000-0000-000000003196,OTHERS,3891.9224720026978,2288.4192667617144,PIT,40.46199135347582,-79.9667438640163,Pittsburgh
315967236.73119515,00000000-0000-0000-0000-000000003216,OTHERS,3887.449835517248,2284.5712750014904,PIT,40.4619571637751,-79.9667971412867,Pittsburgh
315967236.73119515,00000000-0000-0000-0000-000000005360,OTHERS,3921.237001606016,2289.535417959796,PIT,40.46199831629133,-79.96639800129164,Pittsburgh
315967236.73119515,00000000-0000-0000-0000-000000005373,OTHERS,3919.858683112796,2291.884380740789,PIT,40.46201962019619,-79.96641393158797,Pittsburgh
315967236.73119515,00000000-0000-0000-0000-000000005460,OTHERS,3882.433572996241,2239.276330702176,PIT,40.46154969320264,-79.966862549667,Pittsburgh
315967236.73119515,00000000-0000-0000-0000-000000005503,AGENT,3904.7739584284777,2297.2781814430896,PIT,40.462069796164364,-79.966591082434,Pittsburgh
315967236.73119515,00000000-0000-0000-0000-000000005085,OTHERS,3885.196969521595,2270.902205500203,PIT,40.461834275573224,-79.9668255960657,Pittsburgh
315967236.73119515,00000000-0000-0000-0000-000000005514,OTHERS,3866.8479514239184,2249.250333263706,PIT,40.46164117796212,-79.96704497471522,Pittsburgh
315967236.73119515,00000000-0000-0000-0000-000000005515,OTHERS,3900.953529995796,2249.3076630190635,PIT,40.46163809911211,-79.96664275901668,Pittsburgh
315967236.73119515,00000000-0000-0000-0000-000000005506,OTHERS,3900.9793875628297,2241.299657448843,PIT,40.46156596336542,-79.96664355949892,Pittsburgh
315967236.73119515,00000000-0000-0000-0000-000000005504,OTHERS,3887.4386656440106,2250.66329779574,PIT,40.46165173498961,-79.96680195297797,Pittsburgh
315967236.8312127,00000000-0000-0000-0000-000000000000,AV,3896.6348201152864,2292.883816272453,PIT,40.46203107159148,-79.96668767464492,Pittsburgh
315967236.8312127,00000000-0000-0000-0000-000000003196,OTHERS,3891.94860695748,2288.436889141722,PIT,40.46199150945608,-79.96674355337225,Pittsburgh
315967236.8312127,00000000-0000-0000-0000-000000003216,OTHERS,3887.465613270616,2284.5670906376945,PIT,40.46195712442067,-79.966796955796,Pittsburgh
315967236.8312127,00000000-0000-0000-0000-000000005360,OTHERS,3921.212336363848,2289.5442073958443,PIT,40.46199839806439,-79.96639829095726,Pittsburgh
315967236.8312127,00000000-0000-0000-0000-000000005373,OTHERS,3919.721300857735,2291.887921436562,PIT,40.46201966657773,-79.96641555125976,Pittsburgh
315967236.8312127,00000000-0000-0000-0000-000000005460,OTHERS,3881.665905044889,2239.145337925223,PIT,40.46154859419231,-79.966871620857,Pittsburgh
315967236.8312127,00000000-0000-0000-0000-000000005503,AGENT,3904.228381221303,2296.65308107793,PIT,40.462064223028975,-79.96659760277146,Pittsburgh
315967236.8312127,00000000-0000-0000-0000-000000005085,OTHERS,3885.1321167371807,2270.820739540188,PIT,40.46183354859594,-79.96682637212173,Pittsburgh
315967236.8312127,00000000-0000-0000-0000-000000005514,OTHERS,3866.919001256243,2249.9407289269825,PIT,40.461647389291954,-79.96704404155801,Pittsburgh
315967236.8312127,00000000-0000-0000-0000-000000005515,OTHERS,3900.1165709986585,2249.1582180628616,PIT,40.46163684121482,-79.96665264991958,Pittsburgh
315967236.8312127,00000000-0000-0000-0000-000000005506,OTHERS,3900.9793875628297,2241.299657448843,PIT,40.46156596336542,-79.96664355949892,Pittsburgh
315967236.8312127,00000000-0000-0000-0000-000000005504,OTHERS,3887.492323891978,2250.7395925499623,PIT,40.46165241656668,-79.96680130965495,Pittsburgh
315967236.92832595,00000000-0000-0000-0000-000000000000,AV,3896.634606961068,2292.8839263060445,PIT,40.46203107260511,-79.96668767714348,Pittsburgh
315967236.92832595,00000000-0000-0000-0000-000000003196,OTHERS,3892.0022727173528,2288.4403738328283,PIT,40.461991535187046,-79.9667429200066,Pittsburgh
315967236.92832595,00000000-0000-0000-0000-000000003216,OTHERS,3887.47376611736,2284.601002367311,PIT,40.461957429024935,-79.96679685496832,Pittsburgh
315967236.92832595,00000000-0000-0000-0000-000000005360,OTHERS,3921.223036618984,2289.565462527941,PIT,40.461998588393925,-79.9663981618335,Pittsburgh
315967236.92832595,00000000-0000-0000-0000-000000005515,OTHERS,3899.572726857345,2249.067627553195,PIT,40.461636082550505,-79.96665907598891,Pittsburgh
315967236.92832595,00000000-0000-0000-0000-000000005503,AGENT,3903.6073156338753,2295.9949740015936,PIT,40.46205836054105,-79.96660501790578,Pittsburgh
315967236.92832595,00000000-0000-0000-0000-000000005085,OTHERS,3885.051727553859,2270.704388276465,PIT,40.46183250902313,-79.96682733621408,Pittsburgh
315967236.92832595,00000000-0000-0000-0000-000000005514,OTHERS,3867.143725730223,2251.399021651217,PIT,40.46166050134608,-79.96704119015243,Pittsburgh
315967236.92832595,00000000-0000-0000-0000-000000005504,OTHERS,3887.427488478613,2250.6614545998414,PIT,40.46165171956512,-79.96680208504493,Pittsburgh
315967236.92832595,00000000-0000-0000-0000-000000005373,OTHERS,3919.681843946426,2291.9023367593195,PIT,40.46201980058648,-79.96641601458812,Pittsburgh
315967236.92832595,00000000-0000-0000-0000-000000005460,OTHERS,3881.66873259428,2239.157390119366,PIT,40.46154870245577,-79.9668715858484,Pittsburgh
315967237.03168666,00000000-0000-0000-0000-000000000000,AV,3896.634560710128,2292.884021607118,PIT,40.462031073468424,-79.96668767767576,Pittsburgh
315967237.03168666,00000000-0000-0000-0000-000000003196,OTHERS,3891.944531511567,2288.4448762477755,PIT,40.46199158183052,-79.96674360033188,Pittsburgh
315967237.03168666,00000000-0000-0000-0000-000000003216,OTHERS,3887.4602918779774,2284.59868738769,PIT,40.46195740959297,-79.96679701419058,Pittsburgh
315967237.03168666,00000000-0000-0000-0000-000000005360,OTHERS,3921.231766400961,2289.543151329998,PIT,40.46199838650265,-79.96639806196306,Pittsburgh
315967237.03168666,00000000-0000-0000-0000-000000005515,OTHERS,3898.719406764377,2249.0108431305302,PIT,40.46163566102712,-79.96666914704744,Pittsburgh
315967237.03168666,00000000-0000-0000-0000-000000005503,AGENT,3903.16097301318,2295.3801054603227,PIT,40.46205286910583,-79.96661036654592,Pittsburgh
315967237.03168666,00000000-0000-0000-0000-000000005085,OTHERS,3885.037360216726,2270.7025480260268,PIT,40.461832493961424,-79.96682750590284,Pittsburgh
315967237.03168666,00000000-0000-0000-0000-000000005514,OTHERS,3867.36763071584,2251.849371237794,PIT,40.461664534323056,-79.96703848749301,Pittsburgh
315967237.03168666,00000000-0000-0000-0000-000000005504,OTHERS,3887.532998971717,2250.7009192276983,PIT,40.46165206392436,-79.96680083531045,Pittsburgh
315967237.03168666,00000000-0000-0000-0000-000000005373,OTHERS,3919.689844326688,2291.9375820564183,PIT,40.462020117218735,-79.96641591537256,Pittsburgh
315967237.03168666,00000000-0000-0000-0000-000000005460,OTHERS,3881.768756498964,2239.175598509967,PIT,40.461548855926154,-79.9668704037531,Pittsburgh
315967237.1299692,00000000-0000-0000-0000-000000000000,AV,3896.634500277548,2292.884073155774,PIT,40.46203107393912,-79.96668767838133,Pittsburgh
315967237.1299692,00000000-0000-0000-0000-000000003196,OTHERS,3891.938082515349,2288.4256824771755,PIT,40.46199140962034,-79.96674367903469,Pittsburgh
315967237.1299692,00000000-0000-0000-0000-000000003216,OTHERS,3887.4593804491246,2284.583512263381,PIT,40.461957272997395,-79.9667970270336,Pittsburgh
315967237.1299692,00000000-0000-0000-0000-000000005360,OTHERS,3921.251871574049,2289.505925376804,PIT,40.46199804906536,-79.96639783000106,Pittsburgh
315967237.1299692,00000000-0000-0000-0000-000000005515,OTHERS,3898.008603417224,2248.936138901124,PIT,40.46163506306226,-79.96667753987674,Pittsburgh
315967237.1299692,00000000-0000-0000-0000-000000005503,AGENT,3902.704903410744,2294.6987843172847,PIT,40.46204678011665,-79.96661583906985,Pittsburgh
315967237.1299692,00000000-0000-0000-0000-000000005085,OTHERS,3885.01881836192,2270.670627429636,PIT,40.461832208387676,-79.9668277289735,Pittsburgh
315967237.1299692,00000000-0000-0000-0000-000000005514,OTHERS,3867.253014217893,2252.047377586732,PIT,40.461666329968025,-79.96703981184604,Pittsburgh
315967237.1299692,00000000-0000-0000-0000-000000005504,OTHERS,3887.361755204661,2250.701814482416,PIT,40.46165209004094,-79.9668028546685,Pittsburgh
315967237.1299692,00000000-0000-0000-0000-000000005373,OTHERS,3919.7110664261736,2291.900737079647,PIT,40.46201978309539,-79.9664156701858,Pittsburgh
315967237.1299692,00000000-0000-0000-0000-000000005460,OTHERS,3882.707856394335,2239.2263967870613,PIT,40.46154921450402,-79.96685932193296,Pittsburgh
315967237.2230703,00000000-0000-0000-0000-000000000000,AV,3896.6345199877264,2292.884300632376,PIT,40.462031075986054,-79.9666876781175,Pittsburgh
315967237.2230703,00000000-0000-0000-0000-000000003196,OTHERS,3891.938082515349,2288.4256824771755,PIT,40.46199140962034,-79.96674367903469,Pittsburgh
315967237.2230703,00000000-0000-0000-0000-000000003216,OTHERS,3887.4593804491246,2284.583512263381,PIT,40.461957272997395,-79.9667970270336,Pittsburgh
315967237.2230703,00000000-0000-0000-0000-000000005360,OTHERS,3921.251871574049,2289.505925376804,PIT,40.46199804906536,-79.96639783000106,Pittsburgh
315967237.2230703,00000000-0000-0000-0000-000000005515,OTHERS,3898.008603417224,2248.936138901124,PIT,40.46163506306226,-79.96667753987674,Pittsburgh
315967237.2230703,00000000-0000-0000-0000-000000005503,AGENT,3902.704903410744,2294.6987843172847,PIT,40.46204678011665,-79.96661583906985,Pittsburgh
315967237.2230703,00000000-0000-0000-0000-000000005085,OTHERS,3885.01881836192,2270.670627429636,PIT,40.461832208387676,-79.9668277289735,Pittsburgh
315967237.2230703,00000000-0000-0000-0000-000000005514,OTHERS,3867.253014217893,2252.047377586732,PIT,40.461666329968025,-79.96703981184604,Pittsburgh
315967237.2230703,00000000-0000-0000-0000-000000005504,OTHERS,3887.361755204661,2250.701814482416,PIT,40.46165209004094,-79.9668028546685,Pittsburgh
315967237.2230703,00000000-0000-0000-0000-000000005373,OTHERS,3919.7110664261736,2291.900737079647,PIT,40.46201978309539,-79.9664156701858,Pittsburgh
315967237.2230703,00000000-0000-0000-0000-000000005460,OTHERS,3882.707856394335,2239.2263967870613,PIT,40.46154921450402,-79.96685932193296,Pittsburgh
315967237.33122635,00000000-0000-0000-0000-000000000000,AV,3896.6341675713647,2292.884327666956,PIT,40.462031076266726,-79.96668768226984,Pittsburgh
315967237.33122635,00000000-0000-0000-0000-000000003196,OTHERS,3891.920925126985,2288.4211251640813,PIT,40.46199137037866,-79.9667438820022,Pittsburgh
315967237.33122635,00000000-0000-0000-0000-000000003216,OTHERS,3887.453332314335,2284.57013218752,PIT,40.461957153112444,-79.96679710020645,Pittsburgh
315967237.33122635,00000000-0000-0000-0000-000000005360,OTHERS,3921.306771314655,2289.516537757073,PIT,40.46199813886774,-79.96639718109864,Pittsburgh
315967237.33122635,00000000-0000-0000-0000-000000005515,OTHERS,3896.784834265225,2248.6551185004328,PIT,40.461632660763065,-79.96669201059983,Pittsburgh
315967237.33122635,00000000-0000-0000-0000-000000005503,AGENT,3901.532178632685,2293.475690292771,PIT,40.462035886609854,-79.96662983795976,Pittsburgh
315967237.33122635,00000000-0000-0000-0000-000000005085,OTHERS,3885.035661441793,2270.7061138657527,PIT,40.461832526260224,-79.96682752544444,Pittsburgh
315967237.33122635,00000000-0000-0000-0000-000000005514,OTHERS,3867.634599215391,2253.3980640653767,PIT,40.46167845621392,-79.96703512542652,Pittsburgh
315967237.33122635,00000000-0000-0000-0000-000000005504,OTHERS,3887.3425268511705,2250.7078196707103,PIT,40.461652146160404,-79.96680308060007,Pittsburgh
315967237.33122635,00000000-0000-0000-0000-000000005373,OTHERS,3919.698255272892,2291.932107923769,PIT,40.46202006702286,-79.96641581693738,Pittsburgh
315967237.33122635,00000000-0000-0000-0000-000000005460,OTHERS,3882.86088780765,2239.3314152655607,PIT,40.46155014433836,-79.96685750273912,Pittsburgh
315967237.4290908,00000000-0000-0000-0000-000000000000,AV,3896.634155696265,2292.884395967261,PIT,40.46203107688321,-79.96668768240045,Pittsburgh
315967237.4290908,00000000-0000-0000-0000-000000003196,OTHERS,3891.940955231061,2288.439719076063,PIT,40.46199153575374,-79.96674364321908,Pittsburgh
315967237.4290908,00000000-0000-0000-0000-000000003216,OTHERS,3887.458278133464,2284.6041202487936,PIT,40.461957458742376,-79.96679703718897,Pittsburgh
315967237.4290908,00000000-0000-0000-0000-000000005360,OTHERS,3921.2325474109375,2289.534410885932,PIT,40.46199830768974,-79.96639805395938,Pittsburgh
315967237.4290908,00000000-0000-0000-0000-000000005515,OTHERS,3895.966916350468,2248.611736186187,PIT,40.46163235622535,-79.96670166230923,Pittsburgh
315967237.4290908,00000000-0000-0000-0000-000000005503,AGENT,3900.778662742223,2292.9482024145764,PIT,40.46203121465215,-79.96663879705527,Pittsburgh
315967237.4290908,00000000-0000-0000-0000-000000005085,OTHERS,3885.168720023263,2270.8788566118187,PIT,40.46183406823346,-79.9668259324361,Pittsburgh
315967237.4290908,00000000-0000-0000-0000-000000005514,OTHERS,3867.983587246191,2253.898348551607,PIT,40.461682925801775,-79.96703094076763,Pittsburgh
315967237.4290908,00000000-0000-0000-0000-000000005504,OTHERS,3887.443871628049,2250.705674106469,PIT,40.461652116150255,-79.96680188573498,Pittsburgh
315967237.4290908,00000000-0000-0000-0000-000000005373,OTHERS,3919.712699215708,2291.936799287553,PIT,40.4620201077576,-79.96641564595099,Pittsburgh
315967237.4290908,00000000-0000-0000-0000-000000005460,OTHERS,3881.69234502329,2239.1565925360283,PIT,40.461548692782394,-79.96687130749697,Pittsburgh
315967237.530743,00000000-0000-0000-0000-000000000000,AV,3896.633939748948,2292.8845180376497,PIT,40.462031078005545,-79.96668768493029,Pittsburgh
315967237.530743,00000000-0000-0000-0000-000000003196,OTHERS,3891.924584817564,2288.422861490248,PIT,40.46199138563299,-79.96674383860352,Pittsburgh
315967237.530743,00000000-0000-0000-0000-000000003216,OTHERS,3887.441271011217,2284.56076014416,PIT,40.461957069964214,-79.96679724373985,Pittsburgh
315967237.530743,00000000-0000-0000-0000-000000005518,OTHERS,3901.7018775447737,2241.4405383654484,PIT,40.46156715618974,-79.96663501972237,Pittsburgh
315967237.530743,00000000-0000-0000-0000-000000005360,OTHERS,3921.1815090156574,2289.587459513685,PIT,40.4619987909138,-79.96639864853469,Pittsburgh
315967237.530743,00000000-0000-0000-0000-000000005515,OTHERS,3895.2866919279095,2248.510919932752,PIT,40.46163151982722,-79.96670969812432,Pittsburgh
315967237.530743,00000000-0000-0000-0000-000000005503,AGENT,3900.080562220837,2292.220702198888,PIT,40.46202473521721,-79.96664713024118,Pittsburgh
315967237.530743,00000000-0000-0000-0000-000000005085,OTHERS,3885.163726044098,2270.8672654551256,PIT,40.46183396435125,-79.96682599293013,Pittsburgh
315967237.530743,00000000-0000-0000-0000-000000005514,OTHERS,3868.128259462215,2254.821829043784,PIT,40.46169122891022,-79.9670291072145,Pittsburgh
315967237.530743,00000000-0000-0000-0000-000000005504,OTHERS,3887.361671206233,2250.6654448037466,PIT,40.46165176244577,-79.96680286067877,Pittsburgh
315967237.530743,00000000-0000-0000-0000-000000005373,OTHERS,3919.738767893951,2291.9390722267285,PIT,40.46202012548214,-79.96641533820701,Pittsburgh
315967237.530743,00000000-0000-0000-0000-000000005460,OTHERS,3881.938316196796,2239.195285540676,PIT,40.461549015385614,-79.96686840141778,Pittsburgh
315967237.63721764,00000000-0000-0000-0000-000000000000,AV,3896.633745239735,2292.884457449345,PIT,40.4620310774803,-79.96668768723252,Pittsburgh
315967237.63721764,00000000-0000-0000-0000-000000003196,OTHERS,3891.924454429186,2288.427522110392,PIT,40.46199142762781,-79.9667438394979,Pittsburgh
315967237.63721764,00000000-0000-0000-0000-000000003216,OTHERS,3887.4698780730378,2284.570268649484,PIT,40.46195715259737,-79.96679690506222,Pittsburgh
315967237.63721764,00000000-0000-0000-0000-000000005518,OTHERS,3902.0713227615975,2241.5312920934666,PIT,40.46156793471114,-79.96663065032462,Pittsburgh
315967237.63721764,00000000-0000-0000-0000-000000005360,OTHERS,3921.151073744354,2289.558675380053,PIT,40.46199853484724,-79.96639901143467,Pittsburgh
315967237.63721764,00000000-0000-0000-0000-000000005515,OTHERS,3894.849281543821,2248.404312093925,PIT,40.46163060566064,-79.96671487122818,Pittsburgh
315967237.63721764,00000000-0000-0000-0000-000000005503,AGENT,3899.385875261878,2291.542096632613,PIT,40.46201869584582,-79.96665541641963,Pittsburgh
315967237.63721764,00000000-0000-0000-0000-000000005085,OTHERS,3885.154313793801,2270.849935414112,PIT,40.46183380924115,-79.96682610632114,Pittsburgh
315967237.63721764,00000000-0000-0000-0000-000000005514,OTHERS,3868.4393423349816,2255.2047068971137,PIT,40.46169464493921,-79.96702538577192,Pittsburgh
315967237.63721764,00000000-0000-0000-0000-000000005504,OTHERS,3887.5152374667696,2250.6970312921767,PIT,40.461652030775745,-79.9668010453089,Pittsburgh
315967237.63721764,00000000-0000-0000-0000-000000005373,OTHERS,3919.720859543611,2291.899805698516,PIT,40.462019773673106,-79.96641555482333,Pittsburgh
315967237.63721764,00000000-0000-0000-0000-000000005460,OTHERS,3882.704379518979,2239.2760913860266,PIT,40.46154966250031,-79.96685935607739,Pittsburgh
315967237.7333632,00000000-0000-0000-0000-000000000000,AV,3896.633627941974,2292.884473567966,PIT,40.462031077637846,-79.96668768861359,Pittsburgh
315967237.7333632,00000000-0000-0000-0000-000000003196,OTHERS,3891.919852632133,2288.430938102903,PIT,40.46199145888289,-79.96674389329577,Pittsburgh
315967237.7333632,00000000-0000-0000-0000-000000003216,OTHERS,3887.461279490493,2284.5701864473226,PIT,40.461957152763404,-79.96679700647731,Pittsburgh
315967237.7333632,00000000-0000-0000-0000-000000005518,OTHERS,3901.974212719676,2241.511410869731,PIT,40.46156776586774,-79.96663179828845,Pittsburgh
315967237.7333632,00000000-0000-0000-0000-000000005360,OTHERS,3921.237017848469,2289.5392757785626,PIT,40.461998351039355,-79.96639800056742,Pittsburgh
315967237.7333632,00000000-0000-0000-0000-000000005515,OTHERS,3894.398232350583,2248.2880349711527,PIT,40.46162960583456,-79.96672020650928,Pittsburgh
315967237.7333632,00000000-0000-0000-0000-000000005503,AGENT,3899.019848857804,2291.0983880077874,PIT,40.4620147376823,-79.96665979424972,Pittsburgh
315967237.7333632,00000000-0000-0000-0000-000000005085,OTHERS,3885.031529049389,2270.704890613088,PIT,40.461832515677266,-79.96682757434681,Pittsburgh
315967237.7333632,00000000-0000-0000-0000-000000005514,OTHERS,3868.677378789079,2255.7154685961705,PIT,40.46169922059537,-79.96702250812106,Pittsburgh
315967237.7333632,00000000-0000-0000-0000-000000005504,OTHERS,3887.2381984662816,2250.7410124906146,PIT,40.461652456146766,-79.96680430636586,Pittsburgh
315967237.7333632,00000000-0000-0000-0000-000000005373,OTHERS,3919.698249553152,2291.902174106078,PIT,40.46201979739125,-79.96641582113786,Pittsburgh
315967237.7333632,00000000-0000-0000-0000-000000005460,OTHERS,3882.717894823481,2239.259211321152,PIT,40.46154950902651,-79.96685919902097,Pittsburgh
315967237.83221304,00000000-0000-0000-0000-000000000000,AV,3896.633507887239,2292.884456538918,PIT,40.462031077497116,-79.96668769003176,Pittsburgh
315967237.83221304,00000000-0000-0000-0000-000000003196,OTHERS,3891.931220022816,2288.4313533027507,PIT,40.46199146142443,-79.9667437591819,Pittsburgh
315967237.83221304,00000000-0000-0000-0000-000000003216,OTHERS,3887.454828320973,2284.5716075935243,PIT,40.46195716624461,-79.96679708236029,Pittsburgh
315967237.83221304,00000000-0000-0000-0000-000000005518,OTHERS,3902.126771662179,2241.495721495676,PIT,40.46156760845856,-79.96663000132554,Pittsburgh
315967237.83221304,00000000-0000-0000-0000-000000005360,OTHERS,3921.211802290609,2289.562508288211,PIT,40.46199856296806,-79.96639829472875,Pittsburgh
315967237.83221304,00000000-0000-0000-0000-000000005085,OTHERS,3885.0421577476623,2270.6922915034065,PIT,40.4618324010689,-79.96682745074087,Pittsburgh
315967237.83221304,00000000-0000-0000-0000-000000005514,OTHERS,3868.994308078585,2256.772397657005,PIT,40.461708707601424,-79.9670186247185,Pittsburgh
315967237.83221304,00000000-0000-0000-0000-000000005515,OTHERS,3893.564973614927,2248.287570929808,PIT,40.46162968950306,-79.96673003320883,Pittsburgh
315967237.83221304,00000000-0000-0000-0000-000000005503,AGENT,3898.105386763885,2290.165161603046,PIT,40.46200642795574,-79.96667070739983,Pittsburgh
315967237.83221304,00000000-0000-0000-0000-000000005504,OTHERS,3887.510068829955,2250.703063855256,PIT,40.46165208565962,-79.96680110543015,Pittsburgh
315967237.83221304,00000000-0000-0000-0000-000000005460,OTHERS,3882.645148477273,2239.240934352622,PIT,40.46154935206309,-79.96686005944139,Pittsburgh
315967237.83221304,00000000-0000-0000-0000-000000005373,OTHERS,3919.7065946973153,2291.9043502277354,PIT,40.46201981611282,-79.9664157224224,Pittsburgh
315967237.9377641,00000000-0000-0000-0000-000000000000,AV,3896.633611876295,2292.884612980171,PIT,40.462031078895315,-79.96668768878381,Pittsburgh
315967237.9377641,00000000-0000-0000-0000-000000003196,OTHERS,3891.922144340688,2288.417214713664,PIT,40.461991335026305,-79.96674386816368,Pittsburgh
315967237.9377641,00000000-0000-0000-0000-000000003216,OTHERS,3887.44051709356,2284.567732015149,PIT,40.4619571328436,-79.96679725166858,Pittsburgh
315967237.9377641,00000000-0000-0000-0000-000000005518,OTHERS,3901.954272488525,2241.5017783022163,PIT,40.461567681203725,-79.96663203477343,Pittsburgh
315967237.9377641,00000000-0000-0000-0000-000000005360,OTHERS,3921.1969061358295,2289.526363922826,PIT,40.461998238964604,-79.96639847539092,Pittsburgh
315967237.9377641,00000000-0000-0000-0000-000000005085,OTHERS,3885.034933035557,2270.712684679981,PIT,40.461832585524355,-79.9668275331277,Pittsburgh
315967237.9377641,00000000-0000-0000-0000-000000005514,OTHERS,3869.336767850909,2257.401368572022,PIT,40.461714337034415,-79.9670144992871,Pittsburgh
315967237.9377641,00000000-0000-0000-0000-000000005515,OTHERS,3893.250763651752,2248.178991247833,PIT,40.461628744585376,-79.96673375367966,Pittsburgh
315967237.9377641,00000000-0000-0000-0000-000000005503,AGENT,3897.43746562413,2289.56643398856,PIT,40.46200110527026,-79.9666786668963,Pittsburgh
315967237.9377641,00000000-0000-0000-0000-000000005504,OTHERS,3887.2146528422113,2250.777322519373,PIT,40.461652785695655,-79.96680457902849,Pittsburgh
315967237.9377641,00000000-0000-0000-0000-000000005460,OTHERS,3882.678568964785,2239.254128113574,PIT,40.461549467384415,-79.96685966349254,Pittsburgh
315967237.9377641,00000000-0000-0000-0000-000000005373,OTHERS,3919.701050639957,2291.9289043560984,PIT,40.46202003787157,-79.96641578441371,Pittsburgh
315967238.03269625,00000000-0000-0000-0000-000000000000,AV,3896.63344903586,2292.884633350353,PIT,40.462031079095965,-79.96668769070139,Pittsburgh
315967238.03269625,00000000-0000-0000-0000-000000003196,OTHERS,3891.9397867357375,2288.428668958019,PIT,40.46199143634174,-79.96674365852446,Pittsburgh
315967238.03269625,00000000-0000-0000-0000-000000003216,OTHERS,3887.43477604546,2284.556585573544,PIT,40.461957033046005,-79.96679732091164,Pittsburgh
315967238.03269625,00000000-0000-0000-0000-000000005518,OTHERS,3901.898460857866,2241.498966371163,PIT,40.461567661759545,-79.96663269334854,Pittsburgh
315967238.03269625,00000000-0000-0000-0000-000000005360,OTHERS,3921.251424231881,2289.508875196929,PIT,40.46199807568336,-79.96639783486931,Pittsburgh
315967238.03269625,00000000-0000-0000-0000-000000005085,OTHERS,3885.208692375984,2270.8978943498983,PIT,40.46183423550425,-79.96682545841244,Pittsburgh
315967238.03269625,00000000-0000-0000-0000-000000005514,OTHERS,3869.664129809021,2258.1094978836168,PIT,40.46172068108687,-79.96701054098091,Pittsburgh
315967238.03269625,00000000-0000-0000-0000-000000005515,OTHERS,3892.646265762071,2248.093926939299,PIT,40.46162804208889,-79.9667408942754,Pittsburgh
315967238.03269625,00000000-0000-0000-0000-000000005503,AGENT,3896.8332688148457,2289.0126720019844,PIT,40.4619961808986,-79.9666858686784,Pittsburgh
315967238.03269625,00000000-0000-0000-0000-000000005504,OTHERS,3887.133756299813,2250.793738005724,PIT,40.46165294208809,-79.9668055307776,Pittsburgh
315967238.03269625,00000000-0000-0000-0000-000000005460,OTHERS,3881.889987608389,2239.1542573952747,PIT,40.461548650914345,-79.96686897701932,Pittsburgh
315967238.03269625,00000000-0000-0000-0000-000000005373,OTHERS,3919.700094605541,2291.9443565688825,PIT,40.462020177159935,-79.96641579355479,Pittsburgh
315967238.13227814,00000000-0000-0000-0000-000000000000,AV,3896.6333532911103,2292.884645302897,PIT,40.46203107921373,-79.96668769182887,Pittsburgh
315967238.13227814,00000000-0000-0000-0000-000000003196,OTHERS,3891.999259876605,2288.451120731536,PIT,40.46199163230858,-79.96674295405388,Pittsburgh
315967238.13227814,00000000-0000-0000-0000-000000003216,OTHERS,3887.477910891076,2284.594000480302,PIT,40.461957365517705,-79.9667968070551,Pittsburgh
315967238.13227814,00000000-0000-0000-0000-000000005518,OTHERS,3901.452229816784,2241.448079371898,PIT,40.46156725043817,-79.96663796277882,Pittsburgh
315967238.13227814,00000000-0000-0000-0000-000000005360,OTHERS,3921.2238686638543,2289.558010691645,PIT,40.46199852118291,-79.96639815305002,Pittsburgh
315967238.13227814,00000000-0000-0000-0000-000000005085,OTHERS,3885.008284524072,2270.6657170456424,PIT,40.46183216526727,-79.96682785387733,Pittsburgh
315967238.13227814,00000000-0000-0000-0000-000000005514,OTHERS,3870.0150072633296,2258.7337972734217,PIT,40.46172626755305,-79.96700631692268,Pittsburgh
315967238.13227814,00000000-0000-0000-0000-000000005515,OTHERS,3892.207451869245,2248.008148941863,PIT,40.461627315696056,-79.96674608105515,Pittsburgh
315967238.13227814,00000000-0000-0000-0000-000000005503,AGENT,3896.143979701764,2288.4273702597216,PIT,40.461990981399964,-79.9666940783135,Pittsburgh
315967238.13227814,00000000-0000-0000-0000-000000005504,OTHERS,3887.417876534018,2250.8065802741285,PIT,40.461653027814464,-79.96680217836878,Pittsburgh
315967238.13227814,00000000-0000-0000-0000-000000005460,OTHERS,3882.625862321845,2239.263645451112,PIT,40.46154955866892,-79.96686028374874,Pittsburgh
315967238.13227814,00000000-0000-0000-0000-000000005373,OTHERS,3919.663591996093,2291.969875936879,PIT,40.462020410878075,-79.96641622050967,Pittsburgh
315967238.23584914,00000000-0000-0000-0000-000000000000,AV,3896.633074842664,2292.884832297721,PIT,40.46203108092746,-79.96668769508682,Pittsburgh
315967238.23584914,00000000-0000-0000-0000-000000003196,OTHERS,3891.929850775552,2288.427635241575,PIT,40.46199142807792,-79.96674377584274,Pittsburgh
315967238.23584914,00000000-0000-0000-0000-000000003216,OTHERS,3887.449088094533,2284.553251398623,PIT,40.46195700150425,-79.96679715258874,Pittsburgh
315967238.23584914,00000000-0000-0000-0000-000000005518,OTHERS,3901.885747816993,2241.5281466068955,PIT,40.46156792594427,-79.96663283924546,Pittsburgh
315967238.23584914,00000000-0000-0000-0000-000000005360,OTHERS,3921.2381601030265,2289.537849981019,PIT,40.46199833807586,-79.96639798729359,Pittsburgh
315967238.23584914,00000000-0000-0000-0000-000000005515,OTHERS,3891.717577979286,2247.9407170888085,PIT,40.46162675994095,-79.96675186745402,Pittsburgh
315967238.23584914,00000000-0000-0000-0000-000000005503,AGENT,3895.372254706613,2287.706018048345,PIT,40.461984565101986,-79.9667032788998,Pittsburgh
315967238.23584914,00000000-0000-0000-0000-000000005504,OTHERS,3887.3188118385256,2250.7318049835985,PIT,40.46165236471087,-79.96680335696134,Pittsburgh
315967238.23584914,00000000-0000-0000-0000-000000005085,OTHERS,3885.188376515058,2270.887696200033,PIT,40.46183414578491,-79.96682569940602,Pittsburgh
315967238.23584914,00000000-0000-0000-0000-000000005514,OTHERS,3870.416763210575,2259.438661151703,PIT,40.461732574350314,-79.96700148173451,Pittsburgh
315967238.23584914,00000000-0000-0000-0000-000000005373,OTHERS,3919.679162795797,2291.937194873635,PIT,40.46202011485763,-79.96641604139424,Pittsburgh
315967238.23584914,00000000-0000-0000-0000-000000005460,OTHERS,3882.531477838076,2239.291775354179,PIT,40.46154982200163,-79.96686139294322,Pittsburgh
315967238.3315988,00000000-0000-0000-0000-000000000000,AV,3896.633203700287,2292.8847443296727,PIT,40.462031080121484,-79.96668769357935,Pittsburgh
315967238.3315988,00000000-0000-0000-0000-000000003196,OTHERS,3891.959060613946,2288.4484180671675,PIT,40.461991612202105,-79.96674342850011,Pittsburgh
315967238.3315988,00000000-0000-0000-0000-000000003216,OTHERS,3887.455479528595,2284.578102254425,PIT,40.46195722467736,-79.96679707378414,Pittsburgh
315967238.3315988,00000000-0000-0000-0000-000000005518,OTHERS,3902.172309508097,2241.538571791033,PIT,40.46156798963609,-79.9666294583823,Pittsburgh
315967238.3315988,00000000-0000-0000-0000-000000005360,OTHERS,3921.213142581304,2289.521363510188,PIT,40.4619981922105,-79.96639828460363,Pittsburgh
315967238.3315988,00000000-0000-0000-0000-000000005515,OTHERS,3891.364356167897,2247.968174981735,PIT,40.46162704450931,-79.9667560292153,Pittsburgh
315967238.3315988,00000000-0000-0000-0000-000000005503,AGENT,3894.648341736416,2286.9519297989373,PIT,40.46197784888887,-79.966711920152,Pittsburgh
315967238.3315988,00000000-0000-0000-0000-000000005504,OTHERS,3887.393792183173,2250.7301601510203,PIT,40.461652341990444,-79.96680247294347,Pittsburgh
315967238.3315988,00000000-0000-0000-0000-000000005085,OTHERS,3885.010754609143,2270.689170561124,PIT,40.46183237626708,-79.96682782151052,Pittsburgh
315967238.3315988,00000000-0000-0000-0000-000000005514,OTHERS,3870.621820781048,2259.773212855792,PIT,40.4617355662501,-79.96699901731728,Pittsburgh
315967238.3315988,00000000-0000-0000-0000-000000005373,OTHERS,3919.725136614109,2291.936407214075,PIT,40.46202010291429,-79.96641549932981,Pittsburgh
315967238.3315988,00000000-0000-0000-0000-000000005460,OTHERS,3881.638443009749,2239.1740820720424,PIT,40.46154885600335,-79.96687194074997,Pittsburgh
315967238.4350149,00000000-0000-0000-0000-000000000000,AV,3896.6329881650568,2292.884750567939,PIT,40.46203108020041,-79.9666876961203,Pittsburgh
315967238.4350149,00000000-0000-0000-0000-000000003196,OTHERS,3891.919950288873,2288.424798072312,PIT,40.46199140356558,-79.9667438929916,Pittsburgh
315967238.4350149,00000000-0000-0000-0000-000000003216,OTHERS,3887.451691134886,2284.5623609003114,PIT,40.461957083284716,-79.9667971206336,Pittsburgh
315967238.4350149,00000000-0000-0000-0000-000000005518,OTHERS,3902.1744096634056,2241.5410200211427,PIT,40.461568011467364,-79.96662943327719,Pittsburgh
315967238.4350149,00000000-0000-0000-0000-000000005360,OTHERS,3921.220422699696,2289.533233949765,PIT,40.46199829836706,-79.96639819710958,Pittsburgh
315967238.4350149,00000000-0000-0000-0000-000000005515,OTHERS,3891.1787042670567,2247.826358636291,PIT,40.46162578665463,-79.96675823818559,Pittsburgh
315967238.4350149,00000000-0000-0000-0000-000000005503,AGENT,3893.698983525479,2286.0902417926222,PIT,40.46197018722645,-79.96672323494784,Pittsburgh
315967238.4350149,00000000-0000-0000-0000-000000005504,OTHERS,3887.540144861493,2250.643112259256,PIT,40.46165154246817,-79.96680075901727,Pittsburgh
315967238.4350149,00000000-0000-0000-0000-000000005085,OTHERS,3885.206174748044,2270.8884513033104,PIT,40.461834150710345,-79.96682548940626,Pittsburgh
315967238.4350149,00000000-0000-0000-0000-000000005514,OTHERS,3871.230736442599,2260.6421015581755,PIT,40.4617433286847,-79.9669917164508,Pittsburgh
315967238.4350149,00000000-0000-0000-0000-000000005373,OTHERS,3919.666221108737,2291.926921098788,PIT,40.462020023680275,-79.96641619543517,Pittsburgh
315967238.4350149,00000000-0000-0000-0000-000000005460,OTHERS,3882.4110504782334,2239.2349992957184,PIT,40.46154932327945,-79.9668628209793,Pittsburgh
315967238.53392315,00000000-0000-0000-0000-000000000000,AV,3896.63255493996,2292.885078834135,PIT,40.462031083202994,-79.96668770118404,Pittsburgh
315967238.53392315,00000000-0000-0000-0000-000000003196,OTHERS,3891.928712450997,2288.431473606885,PIT,40.461991462772446,-79.96674378873729,Pittsburgh
315967238.53392315,00000000-0000-0000-0000-000000003216,OTHERS,3887.4497157297,2284.568073630936,PIT,40.46195713495103,-79.96679714314122,Pittsburgh
315967238.53392315,00000000-0000-0000-0000-000000005518,OTHERS,3901.369520997328,2241.413228010302,PIT,40.46156694523108,-79.9666389429754,Pittsburgh
315967238.53392315,00000000-0000-0000-0000-000000005360,OTHERS,3921.2333464200337,2289.53405296986,PIT,40.4619983043815,-79.96639804458601,Pittsburgh
315967238.53392315,00000000-0000-0000-0000-000000005515,OTHERS,3891.054904122604,2247.812529455299,PIT,40.46162567513822,-79.96675970007165,Pittsburgh
315967238.53392315,00000000-0000-0000-0000-000000005503,AGENT,3892.893996822226,2285.368701028117,PIT,40.46196377273433,-79.96673282781245,Pittsburgh
315967238.53392315,00000000-0000-0000-0000-000000005504,OTHERS,3887.451903994795,2250.670600354121,PIT,40.46165179937265,-79.96680179584992,Pittsburgh
315967238.53392315,00000000-0000-0000-0000-000000005085,OTHERS,3884.978133296066,2270.642243575854,PIT,40.46183195700579,-79.9668282126921,Pittsburgh
315967238.53392315,00000000-0000-0000-0000-000000005514,OTHERS,3871.544401782121,2261.0018833479567,PIT,40.46174653639976,-79.9669879677354,Pittsburgh
315967238.53392315,00000000-0000-0000-0000-000000005373,OTHERS,3919.6373802866246,2291.937052875939,PIT,40.46202011798494,-79.96641653415854,Pittsburgh
315967238.53392315,00000000-0000-0000-0000-000000005460,OTHERS,3882.7228002546894,2239.265152239828,PIT,40.46154956202292,-79.96685914035129,Pittsburgh
315967238.63010794,00000000-0000-0000-0000-000000000000,AV,3896.632628844236,2292.8854437334835,PIT,40.462031086482064,-79.96668770026211,Pittsburgh
315967238.63010794,00000000-0000-0000-0000-000000003196,OTHERS,3891.954607867528,2288.4476335362783,PIT,40.46199160560479,-79.96674348112,Pittsburgh
315967238.63010794,00000000-0000-0000-0000-000000003216,OTHERS,3887.4275976140007,2284.564024870907,PIT,40.461957100813066,-79.96679740454064,Pittsburgh
315967238.63010794,00000000-0000-0000-0000-000000005518,OTHERS,3901.88381232509,2241.4946667644112,PIT,40.46156762457485,-79.96663286669231,Pittsburgh
315967238.63010794,00000000-0000-0000-0000-000000005360,OTHERS,3921.1970812111103,2289.5351631679864,PIT,40.46199831820633,-79.9663984721113,Pittsburgh
315967238.63010794,00000000-0000-0000-0000-000000005515,OTHERS,3890.933830843425,2247.729905181749,PIT,40.46162494365467,-79.96676113929509,Pittsburgh
315967238.63010794,00000000-0000-0000-0000-000000005503,AGENT,3891.987252222537,2284.541671263302,PIT,40.461956418765226,-79.96674363527423,Pittsburgh
315967238.63010794,00000000-0000-0000-0000-000000005504,OTHERS,3887.444959499665,2250.7203542854327,PIT,40.461652248268955,-79.96680187087955,Pittsburgh
315967238.63010794,00000000-0000-0000-0000-000000005085,OTHERS,3884.9869123657777,2270.644327192917,PIT,40.46183197484873,-79.96682810887249,Pittsburgh
315967238.63010794,00000000-0000-0000-0000-000000005514,OTHERS,3871.978601703516,2261.6168986748503,PIT,40.46175203045547,-79.96698276232956,Pittsburgh
315967238.63010794,00000000-0000-0000-0000-000000005373,OTHERS,3919.688443470312,2291.935570544221,PIT,40.46202009924756,-79.96641593217073,Pittsburgh
315967238.63010794,00000000-0000-0000-0000-000000005460,OTHERS,3881.823640608704,2239.1833826165707,PIT,40.46154892025692,-79.96686975543025,Pittsburgh
315967238.73416364,00000000-0000-0000-0000-000000000000,AV,3896.632235951493,2292.885588364912,PIT,40.46203108782627,-79.96668770487558,Pittsburgh
315967238.73416364,00000000-0000-0000-0000-000000003196,OTHERS,3891.9800010150734,2288.4422585927105,PIT,40.46199155451225,-79.96674318239843,Pittsburgh
315967238.73416364,00000000-0000-0000-0000-000000003216,OTHERS,3887.442743146061,2284.576774972284,PIT,40.4619572140644,-79.96679722416846,Pittsburgh
315967238.73416364,00000000-0000-0000-0000-000000005518,OTHERS,3901.8576764025047,2241.515647114596,PIT,40.46156781631342,-79.9666331720173,Pittsburgh
315967238.73416364,00000000-0000-0000-0000-000000005360,OTHERS,3921.240768989469,2289.529222273292,PIT,40.46199826008567,-79.96639795771804,Pittsburgh
315967238.73416364,00000000-0000-0000-0000-000000005504,OTHERS,3887.3435290262,2250.739163656006,PIT,40.46165242838928,-79.96680306445536,Pittsburgh
315967238.73416364,00000000-0000-0000-0000-000000005373,OTHERS,3919.704792286749,2291.896002422828,PIT,40.462019741109124,-79.96641574483098,Pittsburgh
315967238.73416364,00000000-0000-0000-0000-000000005460,OTHERS,3881.4725648035455,2239.1351841058336,PIT,40.461548523111055,-79.96687390232069,Pittsburgh
315967238.73416364,00000000-0000-0000-0000-000000005515,OTHERS,3890.712404558448,2247.748139700731,PIT,40.461625131247764,-79.96676374806238,Pittsburgh
315967238.73416364,00000000-0000-0000-0000-000000005503,AGENT,3891.061346783929,2283.686702878165,PIT,40.46194881515484,-79.96675467255511,Pittsburgh
315967238.73416364,00000000-0000-0000-0000-000000005085,OTHERS,3885.0998280196136,2270.7751129412104,PIT,40.46183314101296,-79.96682675920154,Pittsburgh
315967238.73416364,00000000-0000-0000-0000-000000005514,OTHERS,3872.647670263501,2262.404808341428,PIT,40.46175905712081,-79.96697476324854,Pittsburgh
315967238.8353,00000000-0000-0000-0000-000000000000,AV,3896.632156058558,2292.885711283212,PIT,40.46203108894189,-79.9666877058008,Pittsburgh
315967238.8353,00000000-0000-0000-0000-000000003196,OTHERS,3891.9164540858105,2288.453900786116,PIT,40.461991666080166,-79.96674393020561,Pittsburgh
315967238.8353,00000000-0000-0000-0000-000000003216,OTHERS,3887.454291394613,2284.5782164649186,PIT,40.461957225831384,-79.96679708778014,Pittsburgh
315967238.8353,00000000-0000-0000-0000-000000005518,OTHERS,3901.827676355789,2241.4676597919074,PIT,40.461567387225266,-79.96663353243225,Pittsburgh
315967238.8353,00000000-0000-0000-0000-000000005360,OTHERS,3921.1751768828526,2289.564962584537,PIT,40.46199858893799,-79.9663987263163,Pittsburgh
315967238.8353,00000000-0000-0000-0000-000000005504,OTHERS,3887.494704004571,2250.6913774825675,PIT,40.46165198201304,-79.9668012882408,Pittsburgh
315967238.8353,00000000-0000-0000-0000-000000005373,OTHERS,3919.721958725377,2291.943075725057,PIT,40.4620201633168,-79.9664155358862,Pittsburgh
315967238.8353,00000000-0000-0000-0000-000000005460,OTHERS,3881.431672930899,2239.1523810566737,PIT,40.46154868232506,-79.96687438218541,Pittsburgh
315967238.8353,00000000-0000-0000-0000-000000005515,OTHERS,3890.4645200457744,2247.808890694501,PIT,40.461625704602106,-79.96676666298377,Pittsburgh
315967238.8353,00000000-0000-0000-0000-000000005503,AGENT,3890.167148598357,2282.806660971736,PIT,40.46194098234803,-79.96676533936834,Pittsburgh
315967238.8353,00000000-0000-0000-0000-000000005085,OTHERS,3885.279206818219,2270.958765676531,PIT,40.46183477637618,-79.96682461843056,Pittsburgh
315967238.8353,00000000-0000-0000-0000-000000005514,OTHERS,3872.94091268677,2262.888848625756,PIT,40.46176338626052,-79.96697123823256,Pittsburgh
315967238.9274518,00000000-0000-0000-0000-000000000000,AV,3896.632039077887,2292.885804046497,PIT,40.462031089789804,-79.96668770716755,Pittsburgh
315967238.9274518,00000000-0000-0000-0000-000000003196,OTHERS,3891.9164540858105,2288.453900786116,PIT,40.461991666080166,-79.96674393020561,Pittsburgh
315967238.9274518,00000000-0000-0000-0000-000000003216,OTHERS,3887.454291394613,2284.5782164649186,PIT,40.461957225831384,-79.96679708778014,Pittsburgh
315967238.9274518,00000000-0000-0000-0000-000000005518,OTHERS,3901.827676355789,2241.4676597919074,PIT,40.461567387225266,-79.96663353243225,Pittsburgh
315967238.9274518,00000000-0000-0000-0000-000000005360,OTHERS,3921.1751768828526,2289.564962584537,PIT,40.46199858893799,-79.9663987263163,Pittsburgh
315967238.9274518,00000000-0000-0000-0000-000000005504,OTHERS,3887.494704004571,2250.6913774825675,PIT,40.46165198201304,-79.9668012882408,Pittsburgh
315967238.9274518,00000000-0000-0000-0000-000000005373,OTHERS,3919.721958725377,2291.943075725057,PIT,40.4620201633168,-79.9664155358862,Pittsburgh
315967238.9274518,00000000-0000-0000-0000-000000005460,OTHERS,3881.431672930899,2239.1523810566737,PIT,40.46154868232506,-79.96687438218541,Pittsburgh
315967238.9274518,00000000-0000-0000-0000-000000005515,OTHERS,3890.4645200457744,2247.808890694501,PIT,40.461625704602106,-79.96676666298377,Pittsburgh
315967238.9274518,00000000-0000-0000-0000-000000005503,AGENT,3890.167148598357,2282.806660971736,PIT,40.46194098234803,-79.96676533936834,Pittsburgh
315967238.9274518,00000000-0000-0000-0000-000000005085,OTHERS,3885.279206818219,2270.958765676531,PIT,40.46183477637618,-79.96682461843056,Pittsburgh
315967238.9274518,00000000-0000-0000-0000-000000005514,OTHERS,3872.94091268677,2262.888848625756,PIT,40.46176338626052,-79.96697123823256,Pittsburgh
315967239.04060674,00000000-0000-0000-0000-000000000000,AV,3896.631904067708,2292.8858946072496,PIT,40.46203109061977,-79.96668770874724,Pittsburgh
315967239.04060674,00000000-0000-0000-0000-000000003196,OTHERS,3891.9381323659168,2288.480448548582,PIT,40.461991902926684,-79.96674367088755,Pittsburgh
315967239.04060674,00000000-0000-0000-0000-000000003216,OTHERS,3887.436288953421,2284.572309136207,PIT,40.46195717451828,-79.96679730089963,Pittsburgh
315967239.04060674,00000000-0000-0000-0000-000000005518,OTHERS,3902.116208300039,2241.546102516526,PIT,40.4615680633851,-79.96663011894469,Pittsburgh
315967239.04060674,00000000-0000-0000-0000-000000005360,OTHERS,3921.200666617985,2289.533032771951,PIT,40.46199829863844,-79.96639843012245,Pittsburgh
315967239.04060674,00000000-0000-0000-0000-000000005504,OTHERS,3887.5156634595214,2250.6656068528127,PIT,40.46165174767162,-79.96680104462231,Pittsburgh
315967239.04060674,00000000-0000-0000-0000-000000005373,OTHERS,3919.70618165188,2291.9351119427465,PIT,40.46202009324599,-79.96641572304615,Pittsburgh
315967239.04060674,00000000-0000-0000-0000-000000005460,OTHERS,3882.613324328055,2239.2958594378065,PIT,40.46154985016176,-79.96686042716351,Pittsburgh
315967239.04060674,00000000-0000-0000-0000-000000005515,OTHERS,3890.0540355539033,2247.694455282333,PIT,40.46162471708661,-79.96677151962932,Pittsburgh
315967239.04060674,00000000-0000-0000-0000-000000005503,AGENT,3888.376014556319,2281.243143963821,PIT,40.46192708761779,-79.96678667814236,Pittsburgh
315967239.04060674,00000000-0000-0000-0000-000000005085,OTHERS,3885.167039530639,2270.8538391399043,PIT,40.46183384306287,-79.96682595570705,Pittsburgh
315967239.04060674,00000000-0000-0000-0000-000000005514,OTHERS,3874.058589091562,2264.141976184224,PIT,40.46177455614337,-79.96695788449777,Pittsburgh
315967239.133066,00000000-0000-0000-0000-000000000000,AV,3896.631869742565,2292.885852530665,PIT,40.46203109024437,-79.96668770915785,Pittsburgh
315967239.133066,00000000-0000-0000-0000-000000003196,OTHERS,3891.993871044865,2288.457893287219,PIT,40.461991693881274,-79.96674301667002,Pittsburgh
315967239.133066,00000000-0000-0000-0000-000000003216,OTHERS,3887.458713200138,2284.571781055695,PIT,40.46195716739755,-79.96679703652167,Pittsburgh
315967239.133066,00000000-0000-0000-0000-000000005518,OTHERS,3902.1364255763865,2241.5027049038704,PIT,40.46156767034452,-79.96662988651285,Pittsburgh
315967239.133066,00000000-0000-0000-0000-000000005360,OTHERS,3921.2532003266,2289.501920968694,PIT,40.46199801285507,-79.96639781488388,Pittsburgh
315967239.133066,00000000-0000-0000-0000-000000005504,OTHERS,3887.376479321869,2250.7803979940386,PIT,40.461652796338676,-79.96680267018068,Pittsburgh
315967239.133066,00000000-0000-0000-0000-000000005373,OTHERS,3919.739311968648,2291.897919064801,PIT,40.46201975473303,-79.9664153374728,Pittsburgh
315967239.133066,00000000-0000-0000-0000-000000005460,OTHERS,3881.5801361731847,2239.1588404696868,PIT,40.46154872485912,-79.96687263046624,Pittsburgh
315967239.133066,00000000-0000-0000-0000-000000005515,OTHERS,3889.58747171662,2247.611582022772,PIT,40.4616240197826,-79.96677703326318,Pittsburgh
315967239.133066,00000000-0000-0000-0000-000000005503,AGENT,3887.378037230495,2280.319759483293,PIT,40.461918875335236,-79.96679857480517,Pittsburgh
315967239.133066,00000000-0000-0000-0000-000000005085,OTHERS,3885.124642691799,2270.8347961153386,PIT,40.46183367600005,-79.96682645832352,Pittsburgh
315967239.133066,00000000-0000-0000-0000-000000005514,OTHERS,3874.404488461472,2264.612696319208,PIT,40.461778759749485,-79.96695374033229,Pittsburgh
315967239.22696096,00000000-0000-0000-0000-000000000000,AV,3896.631740895676,2292.8861263250824,PIT,40.4620310927242,-79.96668771063956,Pittsburgh
315967239.22696096,00000000-0000-0000-0000-000000003196,OTHERS,3891.993871044865,2288.457893287219,PIT,40.461991693881274,-79.96674301667002,Pittsburgh
315967239.22696096,00000000-0000-0000-0000-000000003216,OTHERS,3887.458713200138,2284.571781055695,PIT,40.46195716739755,-79.96679703652167,Pittsburgh
315967239.22696096,00000000-0000-0000-0000-000000005518,OTHERS,3902.1364255763865,2241.5027049038704,PIT,40.46156767034452,-79.96662988651285,Pittsburgh
315967239.22696096,00000000-0000-0000-0000-000000005360,OTHERS,3921.2532003266,2289.501920968694,PIT,40.46199801285507,-79.96639781488388,Pittsburgh
315967239.22696096,00000000-0000-0000-0000-000000005504,OTHERS,3887.376479321869,2250.7803979940386,PIT,40.461652796338676,-79.96680267018068,Pittsburgh
315967239.22696096,00000000-0000-0000-0000-000000005373,OTHERS,3919.739311968648,2291.897919064801,PIT,40.46201975473303,-79.9664153374728,Pittsburgh
315967239.22696096,00000000-0000-0000-0000-000000005460,OTHERS,3881.5801361731847,2239.1588404696868,PIT,40.46154872485912,-79.96687263046624,Pittsburgh
315967239.22696096,00000000-0000-0000-0000-000000005515,OTHERS,3889.58747171662,2247.611582022772,PIT,40.4616240197826,-79.96677703326318,Pittsburgh
315967239.22696096,00000000-0000-0000-0000-000000005503,AGENT,3887.378037230495,2280.319759483293,PIT,40.461918875335236,-79.96679857480517,Pittsburgh
315967239.22696096,00000000-0000-0000-0000-000000005085,OTHERS,3885.124642691799,2270.8347961153386,PIT,40.46183367600005,-79.96682645832352,Pittsburgh
315967239.22696096,00000000-0000-0000-0000-000000005514,OTHERS,3874.404488461472,2264.612696319208,PIT,40.461778759749485,-79.96695374033229,Pittsburgh
